STN,DOY,YEAR,MONTH,DAY,LAT,LON,H,IGS_PWV,NGL_PWV,VMF3_PWV,ERA5_PWV
CGGN,138,2015,5,18,10.123,9.118,916.695,0.0312962461018183,0.030400652173913,0.0276920847433419,0.0281208333333333
CGGN,139,2015,5,19,10.123,9.118,916.695,0.032121968324817,0.0323189930555555,0.0292471827467436,0.0298125
CGGN,140,2015,5,20,10.123,9.118,916.695,0.0346931201279392,0.0342200347222222,0.0321987310625903,0.0328833333333333
CGGN,141,2015,5,21,10.123,9.118,916.695,0.0369842565522794,0.0372387152777777,0.0322207293826213,0.0344166666666666
CGGN,142,2015,5,22,10.123,9.118,916.695,0.0347730260987963,0.0325427430555555,0.0318935237692476,0.0323875
CGGN,143,2015,5,23,10.123,9.118,916.695,0.0352051789995219,0.0368212152777777,0.0367801216507149,0.0373541666666666
CGGN,144,2015,5,24,10.123,9.118,916.695,0.0339329744160746,0.0354199305555555,0.0325340731279699,0.0339083333333333
CGGN,145,2015,5,25,10.123,9.118,916.695,0.0308664190573723,0.0324928124999999,0.0324456060201539,0.0330791666666666
CGGN,146,2015,5,26,10.123,9.118,916.695,0.0238552227568696,0.0228169791666666,0.0219298282975261,0.0212541666666666
CGGN,147,2015,5,27,10.123,9.118,916.695,0.0348544144442395,0.0352217708333333,0.0326772309002068,0.0344583333333333
CGGN,148,2015,5,28,10.123,9.118,916.695,0.0323087765399407,0.0331753472222222,0.0344788638450897,0.0376
CGGN,149,2015,5,29,10.123,9.118,916.695,0.030403608883991,0.0300704861111111,0.0281702128987605,0.0306166666666666
CGGN,150,2015,5,30,10.123,9.118,916.695,0.0383547178139271,0.0387664583333333,0.0369861070976339,0.0383708333333333
CGGN,152,2015,6,1,10.123,9.118,916.695,0.0367298905265915,0.0359324305555555,0.0325862363583578,0.0324958333333333
CGGN,153,2015,6,2,10.123,9.118,916.695,0.0351691986729415,0.0343565625,0.0374154992597028,0.036775
CGGN,154,2015,6,3,10.123,9.118,916.695,0.0376114529608976,0.0387671180555555,0.0397055513492407,0.0398333333333333
CGGN,155,2015,6,4,10.123,9.118,916.695,0.0401796626841307,0.0411847916666666,0.041049958573946,0.0415541666666666
CGGN,156,2015,6,5,10.123,9.118,916.695,0.0361858521495239,0.0355447222222222,0.0372519390608306,0.0366833333333333
CGGN,157,2015,6,6,10.123,9.118,916.695,0.0373169251730276,0.0360367708333333,0.0385396225668801,0.0381958333333333
CGGN,158,2015,6,7,10.123,9.118,916.695,0.0378769969719381,0.0352971875,0.0409851773459608,0.0411874999999999
CGGN,159,2015,6,8,10.123,9.118,916.695,0.0377130638839375,0.0381363541666666,0.0419502925841542,0.0413916666666666
CGGN,160,2015,6,9,10.123,9.118,916.695,0.032720445431008,0.0331891869918699,0.0384042044976106,0.0385625
CGGN,161,2015,6,10,10.123,9.118,916.695,0.0321475148634022,0.0342575167785234,0.0371778347967781,0.0372083333333333
CGGN,162,2015,6,11,10.123,9.118,916.695,0.031297714982297,0.0327089930555555,0.0323935008171857,0.0339958333333333
CGGN,163,2015,6,12,10.123,9.118,916.695,0.0299681077001582,0.0309847569444444,0.0312016003638351,0.0326375
CGGN,167,2015,6,16,10.123,9.118,916.695,0.032780578834299,0.0338036994219653,0.0326678247902733,0.0334833333333333
CGGN,168,2015,6,17,10.123,9.118,916.695,0.0305277824516995,0.0309874305555555,0.0299008481578306,0.0317541666666666
CGGN,169,2015,6,18,10.123,9.118,916.695,0.0332832909905837,0.0336398611111111,0.0343003338205675,0.0337
CGGN,170,2015,6,19,10.123,9.118,916.695,0.0382697112177925,0.0395203472222222,0.0375484749490603,0.0399166666666666
CGGN,171,2015,6,20,10.123,9.118,916.695,0.0332396873591186,0.0321826736111111,0.0365513070522852,0.0375
CGGN,172,2015,6,21,10.123,9.118,916.695,0.0360109121036947,0.0371390972222222,0.037446505798935,0.0385458333333333
CGGN,173,2015,6,22,10.123,9.118,916.695,0.0384109213465374,0.0388667361111111,0.0405662392075238,0.0395458333333333
CGGN,174,2015,6,23,10.123,9.118,916.695,0.0353072807439272,0.034225625,0.036461178200525,0.0371375
CGGN,175,2015,6,24,10.123,9.118,916.695,0.037964565068449,0.0381665277777777,0.0352824301922408,0.0370541666666666
CGGN,176,2015,6,25,10.123,9.118,916.695,0.039320872483871,0.0390302083333333,0.0422925627529945,0.0419875
CGGN,177,2015,6,26,10.123,9.118,916.695,0.0398340703137405,0.0405452777777777,0.0448571562625484,0.0439583333333333
CGGN,178,2015,6,27,10.123,9.118,916.695,0.0375490588985539,0.0372617361111111,0.0423912590243085,0.0405
CGGN,179,2015,6,28,10.123,9.118,916.695,0.0365653802788618,0.0370487847222222,0.0389830181319734,0.039125
CGGN,180,2015,6,29,10.123,9.118,916.695,0.0357076107254701,0.0360509848484848,0.0412002555642893,0.0409333333333333
CGGN,183,2015,7,2,10.123,9.118,916.695,0.0383834138670643,0.0388947863247863,0.0415836559339116,0.0417041666666666
CGGN,184,2015,7,3,10.123,9.118,916.695,0.0367956626315707,0.0375755555555555,0.0406733387307795,0.0407833333333333
CGGN,185,2015,7,4,10.123,9.118,916.695,0.038413167655344,0.0398102430555555,0.0415109513038142,0.0416708333333333
CGGN,186,2015,7,5,10.123,9.118,916.695,0.0372859088585336,0.0374994097222222,0.0393056834339192,0.0384916666666666
CGGN,187,2015,7,6,10.123,9.118,916.695,0.0372796091061371,0.0386240625,0.0388207485681618,0.0398291666666666
CGGN,188,2015,7,7,10.123,9.118,916.695,0.0359135099497278,0.0365779513888888,0.036792775805886,0.0376875
CGGN,189,2015,7,8,10.123,9.118,916.695,0.0372658882494724,0.0369619791666666,0.0392698028265424,0.0395875
CGGN,190,2015,7,9,10.123,9.118,916.695,0.0410447277015019,0.0394738194444444,0.0402793674312979,0.0391375
CGGN,191,2015,7,10,10.123,9.118,916.695,0.0396059484475128,0.0382144097222222,0.041435816421388,0.0405125
CGGN,192,2015,7,11,10.123,9.118,916.695,0.0363634370179449,0.0365619791666666,0.0356266385522427,0.0369875
CGGN,193,2015,7,12,10.123,9.118,916.695,0.0357630759041881,0.0357765277777777,0.0415202259547109,0.03915
CGGN,194,2015,7,13,10.123,9.118,916.695,0.0333679194602484,0.0343935069444444,0.0384141432695981,0.0374666666666666
CGGN,195,2015,7,14,10.123,9.118,916.695,0.0359199189347582,0.0376653125,0.0391364952333602,0.038325
CGGN,196,2015,7,15,10.123,9.118,916.695,0.0366695000338208,0.0385672916666666,0.037810591673432,0.0388375
CGGN,197,2015,7,16,10.123,9.118,916.695,0.0395672301604304,0.04037375,0.0399260667946996,0.0393875
CGGN,198,2015,7,17,10.123,9.118,916.695,0.0375317645634118,0.0378539930555555,0.0379570413637636,0.0376708333333333
CGGN,199,2015,7,18,10.123,9.118,916.695,0.0362109179552709,0.0368738194444444,0.0365061190085003,0.0368875
CGGN,200,2015,7,19,10.123,9.118,916.695,0.0404879857802985,0.0415954513888888,0.0405118234111422,0.04225
CGGN,201,2015,7,20,10.123,9.118,916.695,0.0419293527349174,0.0418490625,0.0405177286555817,0.0403833333333333
CGGN,202,2015,7,21,10.123,9.118,916.695,0.042838978861624,0.0434343402777777,0.0423906702693411,0.0416333333333333
CGGN,203,2015,7,22,10.123,9.118,916.695,0.0403514887168342,0.0397157291666666,0.0380389767891379,0.038075
CGGN,204,2015,7,23,10.123,9.118,916.695,0.0410258651759526,0.0415734375,0.0411614650454137,0.0423333333333333
CGGN,205,2015,7,24,10.123,9.118,916.695,0.0421445268753666,0.0426912847222222,0.041225472556654,0.041725
CGGN,206,2015,7,25,10.123,9.118,916.695,0.0415645357391894,0.0412118402777777,0.0410686807087556,0.04
CGGN,207,2015,7,26,10.123,9.118,916.695,0.040922293981563,0.0415554513888888,0.0420212512842771,0.0421166666666666
CGGN,208,2015,7,27,10.123,9.118,916.695,0.0426426447728022,0.0416202777777777,0.0439962832227467,0.0423416666666666
CGGN,209,2015,7,28,10.123,9.118,916.695,0.0443245173482158,0.0423783680555555,0.0401692705975598,0.0400791666666666
CGGN,210,2015,7,29,10.123,9.118,916.695,0.0418220956563218,0.0407828472222222,0.0410060880653302,0.0406166666666666
CGGN,211,2015,7,30,10.123,9.118,916.695,0.0434147739097228,0.0432446875,0.0421970896066552,0.0421833333333333
CGGN,213,2015,8,1,10.123,9.118,916.695,0.0434406731974921,0.0438789236111111,0.0431076159694068,0.0442166666666666
CGGN,214,2015,8,2,10.123,9.118,916.695,0.0435446475253436,0.0427017708333333,0.0416136821919558,0.0418749999999999
CGGN,215,2015,8,3,10.123,9.118,916.695,0.0447433737331459,0.0445800350877193,0.0452373390784734,0.045575
CGGN,216,2015,8,4,10.123,9.118,916.695,0.0454056084675727,0.0432087847222222,0.0445224587998514,0.044175
CGGN,217,2015,8,5,10.123,9.118,916.695,0.0455980992544913,0.0414582986111111,0.0434359424289934,0.0413458333333333
CGGN,218,2015,8,6,10.123,9.118,916.695,0.0443507385549323,0.0439877777777777,0.0408940018648113,0.0416
CGGN,219,2015,8,7,10.123,9.118,916.695,0.0435507790346922,0.0436756597222222,0.0437413500217222,0.0431791666666666
CGGN,220,2015,8,8,10.123,9.118,916.695,0.0435762217034784,0.0450571180555555,0.0443232623542972,0.0442833333333333
CGGN,221,2015,8,9,10.123,9.118,916.695,0.04201073873627,0.0422705555555555,0.0435625271102035,0.0424458333333333
CGGN,222,2015,8,10,10.123,9.118,916.695,0.0410019681666441,0.0415740972222222,0.0423309209013871,0.04095
CGGN,223,2015,8,11,10.123,9.118,916.695,0.0431943106027419,0.0433561458333333,0.0423282596559697,0.0433666666666666
CGGN,224,2015,8,12,10.123,9.118,916.695,0.041203351722308,0.0418418402777777,0.0441298200564803,0.0423875
CGGN,225,2015,8,13,10.123,9.118,916.695,0.0383692229235943,0.0376339930555555,0.0379564880355224,0.0393666666666666
CGGN,226,2015,8,14,10.123,9.118,916.695,0.0403304276348828,0.0418988070175438,0.0442969499882331,0.0435375
CGGN,227,2015,8,15,10.123,9.118,916.695,0.0430238361403841,0.0417089592760181,0.0377927037977608,0.0386333333333333
CGGN,228,2015,8,16,10.123,9.118,916.695,0.0432400121416918,0.0414511458333333,0.0440218300970531,0.0439791666666666
CGGN,229,2015,8,17,10.123,9.118,916.695,0.0422942441687201,0.0416971180555555,0.0433741655019816,0.0415958333333333
CGGN,236,2015,8,24,10.123,9.118,916.695,0.0418043173508928,0.0414333571428571,0.0416527750131067,0.0441166666666666
CGGN,237,2015,8,25,10.123,9.118,916.695,0.0422289101098463,0.0432561458333333,0.0427255160154984,0.0429916666666666
CGGN,238,2015,8,26,10.123,9.118,916.695,0.0408977558142224,0.0405252961672473,0.0396957197530445,0.03925
CGGN,240,2015,8,28,10.123,9.118,916.695,0.0450366758704956,0.0456353403141361,0.0423414812805161,0.0436291666666666
CGGN,241,2015,8,29,10.123,9.118,916.695,0.0429711266799594,0.0431224418604651,0.0430249509136291,0.0432791666666666
CGGN,242,2015,8,30,10.123,9.118,916.695,0.0446515015876236,0.043051488372093,0.0427153885128221,0.0428041666666666
CGGN,244,2015,9,1,10.123,9.118,916.695,0.0398897672781216,0.0392965476190476,0.0394382696510547,0.0394875
CGGN,245,2015,9,2,10.123,9.118,916.695,0.0438924356849512,0.0421227441860465,0.0466070886102291,0.0451916666666666
CGGN,246,2015,9,3,10.123,9.118,916.695,0.0432055388176569,0.0432627083333333,0.0422107786383569,0.0422916666666666
CGGN,247,2015,9,4,10.123,9.118,916.695,0.0362013323623699,0.0363559375,0.0399234625924638,0.0396708333333333
CGGN,248,2015,9,5,10.123,9.118,916.695,0.0374258907706576,0.0385544097222222,0.0389371350266408,0.038675
CGGN,249,2015,9,6,10.123,9.118,916.695,0.0374065756030701,0.0356170486111111,0.0369043747329234,0.0368625
CGGN,251,2015,9,8,10.123,9.118,916.695,0.0396785105631082,0.0410294036697247,0.0409716124609738,0.0399708333333333
CGGN,252,2015,9,9,10.123,9.118,916.695,0.0391566953515014,0.0397569824561403,0.0380214565674852,0.0380458333333333
CGGN,253,2015,9,10,10.123,9.118,916.695,0.0379222340181426,0.0379970877192982,0.0386267360771343,0.0386541666666666
CGGN,254,2015,9,11,10.123,9.118,916.695,0.0385000399911826,0.0389350187265917,0.0408834271517189,0.041825
CGGN,255,2015,9,12,10.123,9.118,916.695,0.0403660724680544,0.0403868837209302,0.0410046721422439,0.0411541666666666
CGGN,256,2015,9,13,10.123,9.118,916.695,0.0376657697608629,0.0390228819444444,0.0403956325580947,0.0406041666666666
CGGN,257,2015,9,14,10.123,9.118,916.695,0.0377831084911262,0.0389552083333333,0.0392287345064131,0.0404
CGGN,258,2015,9,15,10.123,9.118,916.695,0.0389883298606813,0.0377615730337078,0.0397847955924862,0.0386458333333333
CGGN,259,2015,9,16,10.123,9.118,916.695,0.0456624680134199,0.0433959,0.0405557457830372,0.0405583333333333
CGGN,260,2015,9,17,10.123,9.118,916.695,0.0454669588621774,0.0451023121387283,0.041823907088962,0.0429541666666666
CGGN,261,2015,9,18,10.123,9.118,916.695,0.0438743627775457,0.0435920833333333,0.0421546538294246,0.0414791666666666
CGGN,262,2015,9,19,10.123,9.118,916.695,0.0434256159318991,0.0415749305555555,0.0401884137328958,0.03995
CGGN,263,2015,9,20,10.123,9.118,916.695,0.0424708078243716,0.0403102090592334,0.0391980665147904,0.03835
CGGN,264,2015,9,21,10.123,9.118,916.695,0.0400819241291111,0.0393668085106383,0.0386004359245567,0.0374833333333333
CGGN,265,2015,9,22,10.123,9.118,916.695,0.033849646241503,0.0340991517857142,0.0350264209764295,0.0359625
CGGN,266,2015,9,23,10.123,9.118,916.695,0.0355917262108558,0.0356556597222222,0.0336253273384378,0.0345916666666666
CGGN,267,2015,9,24,10.123,9.118,916.695,0.0378078093257452,0.03659875,0.0391528677901531,0.0396208333333333
CGGN,268,2015,9,25,10.123,9.118,916.695,0.0363627954182147,0.0358013194444444,0.0344313389797339,0.033125
CGGN,269,2015,9,26,10.123,9.118,916.695,0.0347345029458367,0.0351934027777777,0.0354001123189373,0.036925
CGGN,270,2015,9,27,10.123,9.118,916.695,0.0332013034436773,0.0322828472222222,0.0337452645474603,0.0327208333333333
CGGN,271,2015,9,28,10.123,9.118,916.695,0.0339762889271303,0.0344859375,0.0344104616565046,0.0357458333333333
CGGN,272,2015,9,29,10.123,9.118,916.695,0.0338445206173634,0.0331922916666666,0.0378768512404943,0.0363458333333333
CGGN,273,2015,9,30,10.123,9.118,916.695,0.0352392764654658,0.0353640686274509,0.0368827335419609,0.0351916666666666
CGGN,301,2015,10,28,10.123,9.118,916.695,0.0331521105931895,0.0329326388888888,0.0353593106059238,0.035675
CGGN,302,2015,10,29,10.123,9.118,916.695,0.0304223605303003,0.0295854861111111,0.0298410016836618,0.0301041666666666
CGGN,303,2015,10,30,10.123,9.118,916.695,0.0283177185246601,0.0282719444444444,0.0261334488357447,0.0297083333333333
CGGN,305,2015,11,1,10.123,9.118,916.695,0.0340934565451249,0.0341305555555555,0.0291115962383911,0.0332958333333333
CGGN,306,2015,11,2,10.123,9.118,916.695,0.0281745190737712,0.0270853125,0.0286154544932592,0.0286958333333333
CGGN,307,2015,11,3,10.123,9.118,916.695,0.021555749000191,0.0208678472222222,0.0215073841736803,0.0213416666666666
CGGN,308,2015,11,4,10.123,9.118,916.695,0.0163493494743983,0.0163458680555555,0.0162324475007667,0.0160291666666666
CGGN,309,2015,11,5,10.123,9.118,916.695,0.0164935738946012,0.0157695486111111,0.0162045832979356,0.0164625
CGGN,310,2015,11,6,10.123,9.118,916.695,0.0178255366946556,0.0176694791666666,0.0182392060489668,0.0182166666666666
CGGN,311,2015,11,7,10.123,9.118,916.695,0.0199135918904215,0.0190567013888888,0.0189380550147698,0.0198041666666666
CGGN,312,2015,11,8,10.123,9.118,916.695,0.0245672254650596,0.0239106597222222,0.0234014547845776,0.0246666666666666
CGGN,313,2015,11,9,10.123,9.118,916.695,0.0248662227022963,0.0248920833333333,0.0268811725518539,0.0271958333333333
CGGN,314,2015,11,10,10.123,9.118,916.695,0.0223615983088351,0.0224664236111111,0.0227739762269148,0.0234083333333333
CGGN,315,2015,11,11,10.123,9.118,916.695,0.0206364314279156,0.0213770486111111,0.0210006375400461,0.0213875
CGGN,316,2015,11,12,10.123,9.118,916.695,0.0186575853260111,0.0191112847222222,0.0193747675774685,0.0188208333333333
CGGN,317,2015,11,13,10.123,9.118,916.695,0.0149197897649629,0.0152796527777777,0.0148029318811886,0.0150874999999999
CGGN,318,2015,11,14,10.123,9.118,916.695,0.0137870730317679,0.0136970138888888,0.0132039057744478,0.0144291666666666
CGGN,319,2015,11,15,10.123,9.118,916.695,0.0153671243354741,0.014951875,0.0144858273282309,0.0160375
CGGN,320,2015,11,16,10.123,9.118,916.695,0.016544011542455,0.0164679861111111,0.0150675954129369,0.0163833333333333
CGGN,321,2015,11,17,10.123,9.118,916.695,0.017212312636865,0.0171139583333333,0.0166525566410072,0.0170375
CGGN,322,2015,11,18,10.123,9.118,916.695,0.016628495712201,0.0164939930555555,0.0180319720656723,0.0176666666666666
CGGN,323,2015,11,19,10.123,9.118,916.695,0.0144432070978865,0.0136166319444444,0.0150806402747684,0.0151041666666666
CGGN,324,2015,11,20,10.123,9.118,916.695,0.0145457459569461,0.0144138888888888,0.0150247796143125,0.0153791666666666
CGGN,325,2015,11,21,10.123,9.118,916.695,0.0183446954062619,0.0163096527777777,0.0176014147306846,0.0182416666666666
CGGN,326,2015,11,22,10.123,9.118,916.695,0.0233396625079991,0.0226170833333333,0.0249528996049033,0.0257083333333333
CGGN,327,2015,11,23,10.123,9.118,916.695,0.0202213888352255,0.0199282638888888,0.023266538639859,0.0227041666666666
CGGN,328,2015,11,24,10.123,9.118,916.695,0.0161225029109404,0.0166108680555555,0.0180447780019935,0.0182666666666666
CGGN,329,2015,11,25,10.123,9.118,916.695,0.0127993736970108,0.0128311111111111,0.0150247007572897,0.014675
CGGN,330,2015,11,26,10.123,9.118,916.695,0.0111731495624584,0.0106629513888888,0.0124215956047051,0.0119791666666666
CGGN,331,2015,11,27,10.123,9.118,916.695,0.0113277612921974,0.0113044444444444,0.012626661461304,0.0119958333333333
CGGN,332,2015,11,28,10.123,9.118,916.695,0.0091048492036567,0.0082814236111111,0.009419292810988,0.0105333333333333
CGGN,333,2015,11,29,10.123,9.118,916.695,0.008055679410396,0.0084013541666666,0.0081845916494017,0.0093208333333333
CGGN,334,2015,11,30,10.123,9.118,916.695,0.0148503833769864,0.0148285069444444,0.0140726033674585,0.0144416666666666
CGGN,335,2015,12,1,10.123,9.118,916.695,0.0159452659453111,0.016435625,0.0176478573222075,0.0180458333333333
CGGN,336,2015,12,2,10.123,9.118,916.695,0.0157267451758783,0.0157295486111111,0.0161726821928854,0.0166458333333333
CGGN,337,2015,12,3,10.123,9.118,916.695,0.0170056190461165,0.0167636458333333,0.0178161847939365,0.0177208333333333
CGGN,338,2015,12,4,10.123,9.118,916.695,0.0172048850953346,0.0174983680555555,0.0181133886834471,0.0193875
CGGN,339,2015,12,5,10.123,9.118,916.695,0.0145280127474704,0.0136113541666666,0.0150838776964918,0.0152958333333333
CGGN,340,2015,12,6,10.123,9.118,916.695,0.0138909252905329,0.0132345486111111,0.0141711964631039,0.0154166666666666
CGGN,341,2015,12,7,10.123,9.118,916.695,0.0150312126548241,0.0144674652777777,0.0136377569020858,0.0161208333333333
CGGN,342,2015,12,8,10.123,9.118,916.695,0.0142831426307434,0.0136388888888888,0.0152187288676978,0.015
CGGN,343,2015,12,9,10.123,9.118,916.695,0.0141428098723965,0.0141656597222222,0.0153216972263699,0.0149833333333333
CGGN,344,2015,12,10,10.123,9.118,916.695,0.0126699966269625,0.0125817708333333,0.0132190908259057,0.0134166666666666
CGGN,345,2015,12,11,10.123,9.118,916.695,0.0115476564911239,0.0114395138888888,0.0114228925089148,0.0115625
CGGN,346,2015,12,12,10.123,9.118,916.695,0.0102145546837632,0.0100919097222222,0.0095729031673722,0.0092166666666666
CGGN,347,2015,12,13,10.123,9.118,916.695,0.0093250814119072,0.0089825,0.0106295239561484,0.0090916666666666
CGGN,348,2015,12,14,10.123,9.118,916.695,0.0077078547503664,0.0078063194444444,0.008382661718038,0.0071916666666666
CGGN,349,2015,12,15,10.123,9.118,916.695,0.0061816357806777,0.0065353819444444,0.0070426365152335,0.0070041666666666
CGGN,350,2015,12,16,10.123,9.118,916.695,0.0054930519470568,0.0049648611111111,0.0059057671017954,0.0056458333333333
CGGN,351,2015,12,17,10.123,9.118,916.695,0.0075081572740279,0.0067427777777777,0.0067804168699746,0.0066958333333333
CGGN,352,2015,12,18,10.123,9.118,916.695,0.0133833527812798,0.0134806597222222,0.0112059427235855,0.0116708333333333
CGGN,353,2015,12,19,10.123,9.118,916.695,0.0151760790808895,0.0157813541666666,0.0129559474905836,0.0131916666666666
CGGN,354,2015,12,20,10.123,9.118,916.695,0.014160551251738,0.0142926736111111,0.0147430843389937,0.0155874999999999
CGGN,355,2015,12,21,10.123,9.118,916.695,0.0136916983809861,0.0141448958333333,0.0154029756254194,0.0155666666666666
CGGN,356,2015,12,22,10.123,9.118,916.695,0.0128486092028154,0.0129453472222222,0.0149363682739462,0.0144
CGGN,357,2015,12,23,10.123,9.118,916.695,0.0113096646015407,0.0103725347222222,0.0116330112409119,0.0111583333333333
CGGN,358,2015,12,24,10.123,9.118,916.695,0.0131971144229574,0.0120896180555555,0.0136357256485387,0.012525
CGGN,359,2015,12,25,10.123,9.118,916.695,0.0137534069037438,0.0136038888888888,0.0151593977066019,0.0139041666666666
CGGN,360,2015,12,26,10.123,9.118,916.695,0.0129144990786876,0.0122461111111111,0.0128075250993488,0.0134
CGGN,361,2015,12,27,10.123,9.118,916.695,0.0125204522076747,0.0120969791666666,0.0137062881319172,0.0133291666666666
CGGN,362,2015,12,28,10.123,9.118,916.695,0.0096686832303823,0.0093883680555555,0.0108833067463231,0.0100125
CGGN,363,2015,12,29,10.123,9.118,916.695,0.0078020569936824,0.0084479513888888,0.0091553924468116,0.0093375
CGGN,364,2015,12,30,10.123,9.118,916.695,0.0077722161341691,0.0083314583333333,0.0078273458219885,0.0084208333333333
CGGN,366,2016,1,1,10.123,9.118,916.695,0.0078025387916667,0.0072015625,0.008170972196033,0.0089333333333333
CGGN,367,2016,1,2,10.123,9.118,916.695,0.0108286689957571,0.0110346527777777,0.0108097097049398,0.0118291666666666
CGGN,368,2016,1,3,10.123,9.118,916.695,0.0137249697749325,0.0138643402777777,0.0143387219514769,0.01415
CGGN,369,2016,1,4,10.123,9.118,916.695,0.0135035218640275,0.0131127083333333,0.0144440957288101,0.0140041666666666
CGGN,370,2016,1,5,10.123,9.118,916.695,0.0132249583856101,0.0129577083333333,0.0133317265388709,0.0133166666666666
CGGN,371,2016,1,6,10.123,9.118,916.695,0.0155796707509373,0.0156976736111111,0.0165128868870463,0.017275
CGGN,372,2016,1,7,10.123,9.118,916.695,0.0156459046523263,0.0151354166666666,0.0150269213730747,0.016625
CGGN,373,2016,1,8,10.123,9.118,916.695,0.0133709627251875,0.0142917013888888,0.0131934020020414,0.0142541666666666
CGGN,374,2016,1,9,10.123,9.118,916.695,0.0084843992019569,0.0085976736111111,0.0088253577603407,0.0092541666666666
CGGN,375,2016,1,10,10.123,9.118,916.695,0.0083206416846783,0.0088874652777777,0.0081323256063098,0.0081625
CGGN,376,2016,1,11,10.123,9.118,916.695,0.0081703215770653,0.0086137847222222,0.0088892601511104,0.0091
CGGN,377,2016,1,12,10.123,9.118,916.695,0.0084077307132003,0.0084285416666666,0.009119377342893,0.0089416666666666
CGGN,378,2016,1,13,10.123,9.118,916.695,0.0087931174021549,0.009255625,0.0102679517391184,0.0100333333333333
CGGN,379,2016,1,14,10.123,9.118,916.695,0.0086224741702821,0.0089919097222222,0.0103987759260998,0.0093875
CGGN,380,2016,1,15,10.123,9.118,916.695,0.0101110870722592,0.0096858680555555,0.0106455266339288,0.0106666666666666
CGGN,381,2016,1,16,10.123,9.118,916.695,0.0101057214530545,0.0098213541666666,0.011733026919919,0.0119208333333333
CGGN,382,2016,1,17,10.123,9.118,916.695,0.0096880077078701,0.0093056597222222,0.011766901028825,0.0116125
CGGN,383,2016,1,18,10.123,9.118,916.695,0.0098285752572338,0.0095347916666666,0.011330287781922,0.0117125
CGGN,384,2016,1,19,10.123,9.118,916.695,0.0107626059338853,0.010953125,0.0118779238541334,0.0124541666666666
CGGN,385,2016,1,20,10.123,9.118,916.695,0.0095419414136637,0.0091370138888888,0.0090058917610583,0.0084666666666666
CGGN,386,2016,1,21,10.123,9.118,916.695,0.006325979973281,0.0062284027777777,0.0060776980781452,0.0058375
CGGN,387,2016,1,22,10.123,9.118,916.695,0.0076862853814888,0.0076744791666666,0.0075126989040843,0.0080458333333333
CGGN,388,2016,1,23,10.123,9.118,916.695,0.0101850675824621,0.0095393055555555,0.0106937973053278,0.0103
CGGN,389,2016,1,24,10.123,9.118,916.695,0.0114463273570717,0.0109264583333333,0.0125681916920161,0.0117583333333333
CGGN,390,2016,1,25,10.123,9.118,916.695,0.0124290910924588,0.0121716666666666,0.0136242544038156,0.0131083333333333
CGGN,391,2016,1,26,10.123,9.118,916.695,0.013015935013241,0.0127070833333333,0.0133040548845794,0.01335
CGGN,392,2016,1,27,10.123,9.118,916.695,0.0124489243547876,0.0121449305555555,0.0130339444947056,0.0124208333333333
CGGN,393,2016,1,28,10.123,9.118,916.695,0.0127867442793742,0.0120354513888888,0.0136453760865998,0.0128333333333333
CGGN,394,2016,1,29,10.123,9.118,916.695,0.0119141394754975,0.0116132291666666,0.012150961574099,0.0115791666666666
CGGN,395,2016,1,30,10.123,9.118,916.695,0.0095302002146982,0.0089550694444444,0.0096266790667752,0.0092041666666666
CGGN,397,2016,2,1,10.123,9.118,916.695,0.0100324412120813,0.0094176736111111,0.0104552679189276,0.0105
CGGN,398,2016,2,2,10.123,9.118,916.695,0.0110131062566645,0.0112715277777777,0.0117857695489763,0.0125875
CGGN,399,2016,2,3,10.123,9.118,916.695,0.0106772153578096,0.0099359374999999,0.0116857080790984,0.0116166666666666
CGGN,400,2016,2,4,10.123,9.118,916.695,0.0108510594718389,0.0106103472222222,0.0118002933895986,0.011875
CGGN,401,2016,2,5,10.123,9.118,916.695,0.0089571037670305,0.0090098263888888,0.0098721553237349,0.0097708333333333
CGGN,402,2016,2,6,10.123,9.118,916.695,0.0084601892663249,0.0084764583333333,0.0098121570843755,0.0092583333333333
CGGN,403,2016,2,7,10.123,9.118,916.695,0.0078088003211763,0.0077161805555555,0.0092936549188603,0.0086249999999999
CGGN,404,2016,2,8,10.123,9.118,916.695,0.0075677134544825,0.0079317361111111,0.0087166420441649,0.0089749999999999
CGGN,405,2016,2,9,10.123,9.118,916.695,0.0064448552245023,0.0059286805555555,0.0068261869706059,0.0071166666666666
CGGN,407,2016,2,11,10.123,9.118,916.695,0.0068127649034578,0.0064495486111111,0.0064148868665543,0.0063875
CGGN,408,2016,2,12,10.123,9.118,916.695,0.0072897171201128,0.0075315277777777,0.0084206051578764,0.0088041666666666
CGGN,409,2016,2,13,10.123,9.118,916.695,0.007737982144349,0.0070948958333333,0.0095532081945551,0.009275
CGGN,410,2016,2,14,10.123,9.118,916.695,0.0095941073537485,0.0093596180555555,0.01083681765995,0.0112625
CGGN,411,2016,2,15,10.123,9.118,916.695,0.0134120742639932,0.0140377083333333,0.0159327249312266,0.0164791666666666
CGGN,412,2016,2,16,10.123,9.118,916.695,0.0150475279254176,0.015335625,0.0173546678328638,0.0179666666666666
CGGN,413,2016,2,17,10.123,9.118,916.695,0.0114645723424583,0.0115189236111111,0.0125128611905688,0.0122375
CGGN,414,2016,2,18,10.123,9.118,916.695,0.0112946777172931,0.0119054861111111,0.0110867668850521,0.0117458333333333
CGGN,415,2016,2,19,10.123,9.118,916.695,0.0114674171554256,0.0114672222222222,0.0093996499683911,0.0091708333333333
CGGN,416,2016,2,20,10.123,9.118,916.695,0.0074509079041727,0.0058357798165137,0.0056696385287728,0.0058125
CGGN,417,2016,2,21,10.123,9.118,916.695,0.0084707207700666,0.0095153819444444,0.0097031820024261,0.0103375
CGGN,418,2016,2,22,10.123,9.118,916.695,0.0081953921260132,0.0083671875,0.0097874209056743,0.0097166666666666
CGGN,419,2016,2,23,10.123,9.118,916.695,0.007078411137772,0.0073296874999999,0.0081320060684232,0.0076416666666666
CGGN,420,2016,2,24,10.123,9.118,916.695,0.0073069225233261,0.0076365972222222,0.0073701806368999,0.0073833333333333
CGGN,421,2016,2,25,10.123,9.118,916.695,0.0107100660211699,0.0118365550239234,0.0104977760277938,0.011275
CGGN,422,2016,2,26,10.123,9.118,916.695,0.0128308623247813,0.0141228819444444,0.0139954624372471,0.014675
CGGN,423,2016,2,27,10.123,9.118,916.695,0.0136951211531878,0.0138935763888888,0.0138667635673416,0.0151458333333333
CGGN,424,2016,2,28,10.123,9.118,916.695,0.0139311473097348,0.0140790972222222,0.0154596879264328,0.0152541666666666
CGGN,425,2016,2,29,10.123,9.118,916.695,0.0119091290370147,0.0122171874999999,0.0137658356053132,0.013975
CGGN,426,2016,3,1,10.123,9.118,916.695,0.0125506382708325,0.0127428472222222,0.0146967670119958,0.014975
CGGN,427,2016,3,2,10.123,9.118,916.695,0.0143809191014915,0.0168658018867924,0.0170335399160281,0.0174416666666666
CGGN,428,2016,3,3,10.123,9.118,916.695,0.0145931269073298,0.0145060763888888,0.014546953066728,0.0144291666666666
CGGN,429,2016,3,4,10.123,9.118,916.695,0.0173797054281218,0.0174802777777777,0.0188183813395559,0.0191833333333333
CGGN,430,2016,3,5,10.123,9.118,916.695,0.0202495769194441,0.0220864236111111,0.0211474769607639,0.0224958333333333
CGGN,432,2016,3,7,10.123,9.118,916.695,0.0359788730707023,0.0376601376146789,0.0319304637880321,0.0333
CGGN,433,2016,3,8,10.123,9.118,916.695,0.0277294640676858,0.0262100347222222,0.0287577016060556,0.0295791666666666
CGGN,434,2016,3,9,10.123,9.118,916.695,0.0208260340685913,0.0211268402777777,0.0199920660540455,0.0207833333333333
CGGN,435,2016,3,10,10.123,9.118,916.695,0.0199297364968273,0.0201486458333333,0.0225707116059817,0.0222791666666666
CGGN,437,2016,3,12,10.123,9.118,916.695,0.0374532925351047,0.0374205963302752,0.0348733285265229,0.0351125
CGGN,440,2016,3,15,10.123,9.118,916.695,0.0299564445285873,0.0300155491329479,0.0333769971827745,0.0336541666666666
CGGN,441,2016,3,16,10.123,9.118,916.695,0.0307246435607637,0.0316257291666666,0.0340471233606783,0.0346791666666666
CGGN,444,2016,3,19,10.123,9.118,916.695,0.0305434231434506,0.0307739449541284,0.0327714364211957,0.0340208333333333
CGGN,446,2016,3,21,10.123,9.118,916.695,0.0340328932747362,0.0347928491620111,0.0349568281264437,0.0372041666666666
CGGN,447,2016,3,22,10.123,9.118,916.695,0.0288617282841215,0.0276616666666666,0.0254615726831189,0.0258958333333333
CGGN,448,2016,3,23,10.123,9.118,916.695,0.0271275519392065,0.0294176041666666,0.022800062001636,0.0234041666666666
CGGN,449,2016,3,24,10.123,9.118,916.695,0.0356385014006037,0.0355610763888888,0.0314360851795725,0.0320166666666666
CGGN,450,2016,3,25,10.123,9.118,916.695,0.0341330918158712,0.033745625,0.0341046447943146,0.0336083333333333
CGGN,451,2016,3,26,10.123,9.118,916.695,0.028505652743012,0.0305582291666666,0.0295266179687363,0.0301416666666666
CGGN,452,2016,3,27,10.123,9.118,916.695,0.0239249766781508,0.0239850694444444,0.0237006886511452,0.0242875
CGGN,453,2016,3,28,10.123,9.118,916.695,0.0227415182206818,0.0228877777777777,0.0223083340726687,0.0229499999999999
CGGN,454,2016,3,29,10.123,9.118,916.695,0.0211776009007396,0.0220782986111111,0.0222838794540853,0.0227708333333333
CGGN,455,2016,3,30,10.123,9.118,916.695,0.0186266601101869,0.0195333333333333,0.0194336109511082,0.0215416666666666
CGGN,457,2016,4,1,10.123,9.118,916.695,0.0165699177633857,0.0166745833333333,0.018925419998144,0.0170375
CGGN,458,2016,4,2,10.123,9.118,916.695,0.0184936123530308,0.0180704166666666,0.0170068506038222,0.01795
CGGN,459,2016,4,3,10.123,9.118,916.695,0.0169013754738026,0.0171852083333333,0.0154583982137808,0.0157291666666666
CGGN,460,2016,4,4,10.123,9.118,916.695,0.0166425663225146,0.0140461458333333,0.013205139679945,0.0123124999999999
CGGN,461,2016,4,5,10.123,9.118,916.695,0.0295233493099406,0.0278329513888888,0.0228787454096561,0.0223083333333333
CGGN,462,2016,4,6,10.123,9.118,916.695,0.0378083624723099,0.0394309027777777,0.0366226353851386,0.0375916666666666
CGGN,463,2016,4,7,10.123,9.118,916.695,0.039112047850687,0.0372178125,0.0392582132597643,0.0424708333333333
CGGN,464,2016,4,8,10.123,9.118,916.695,0.0386211878324048,0.0403582638888888,0.0385585110294249,0.0398916666666666
CGGN,465,2016,4,9,10.123,9.118,916.695,0.0383285736474724,0.0398018055555555,0.0394209161576272,0.0415583333333333
CGGN,466,2016,4,10,10.123,9.118,916.695,0.0375625559350971,0.0394698958333333,0.0396084811927138,0.0395791666666666
CGGN,467,2016,4,11,10.123,9.118,916.695,0.0321921007587677,0.0337530902777777,0.0336971075961968,0.0366708333333333
CGGN,468,2016,4,12,10.123,9.118,916.695,0.0327981907154669,0.0329129166666666,0.0334674894759296,0.0336249999999999
CGGN,469,2016,4,13,10.123,9.118,916.695,0.0289843185967587,0.03068,0.0282003813905606,0.0319458333333333
CGGN,470,2016,4,14,10.123,9.118,916.695,0.0302269914621423,0.0325604861111111,0.0322415883957509,0.035225
CGGN,471,2016,4,15,10.123,9.118,916.695,0.027381926048943,0.0239087847222222,0.021250092214398,0.0229791666666666
CGGN,472,2016,4,16,10.123,9.118,916.695,0.028252672970828,0.0267344791666666,0.0215891779794284,0.02175
CGGN,473,2016,4,17,10.123,9.118,916.695,0.0291680490732745,0.0272408680555555,0.0207429589884793,0.0224166666666666
CGGN,474,2016,4,18,10.123,9.118,916.695,0.0356359411014629,0.0340754861111111,0.0259255008513546,0.0287916666666666
CGGN,475,2016,4,19,10.123,9.118,916.695,0.0315481892852392,0.0287311458333333,0.02880332111562,0.0291833333333333
CGGN,476,2016,4,20,10.123,9.118,916.695,0.0179921208090743,0.0188607638888888,0.0178074705958471,0.0186125
CGGN,477,2016,4,21,10.123,9.118,916.695,0.01001671691139,0.0098319097222222,0.0095282230759751,0.0087458333333333
CGGN,478,2016,4,22,10.123,9.118,916.695,0.0085469921788582,0.0089101041666666,0.0071586428473845,0.0070291666666666
CGGN,479,2016,4,23,10.123,9.118,916.695,0.0090510154698973,0.0101272222222222,0.010135310862847,0.0097
CGGN,480,2016,4,24,10.123,9.118,916.695,0.0130810681823076,0.0117609027777777,0.0114020424701505,0.0118958333333333
CGGN,481,2016,4,25,10.123,9.118,916.695,0.021756777407352,0.0228261458333333,0.0171303536556048,0.0169708333333333
CGGN,482,2016,4,26,10.123,9.118,916.695,0.0258592569432912,0.0255355902777777,0.0202125120307762,0.0209791666666666
CGGN,483,2016,4,27,10.123,9.118,916.695,0.0322338047053827,0.0309470833333333,0.0255808998496211,0.0276499999999999
CGGN,484,2016,4,28,10.123,9.118,916.695,0.0341151872255757,0.0327467361111111,0.0336922615484537,0.0343125
CGGN,485,2016,4,29,10.123,9.118,916.695,0.028494925427351,0.0277274305555555,0.0254053317332726,0.0271291666666666
CGGN,486,2016,4,30,10.123,9.118,916.695,0.0249454224501365,0.0241816319444444,0.0215700406901228,0.0228708333333333
CGGN,487,2016,5,1,10.123,9.118,916.695,0.0150559218087815,0.0146882638888888,0.0129167033183552,0.0119458333333333
CGGN,488,2016,5,2,10.123,9.118,916.695,0.0216665337200778,0.0199421875,0.012915217504773,0.0159833333333333
CGGN,489,2016,5,3,10.123,9.118,916.695,0.0307533163998601,0.0293038888888888,0.027043580200724,0.029075
CGGN,490,2016,5,4,10.123,9.118,916.695,0.0347145107503163,0.0366253472222222,0.0305530428257176,0.0338083333333333
CGGN,492,2016,5,6,10.123,9.118,916.695,0.0275967947194547,0.0300825380710659,0.0234763261801842,0.0256916666666666
CGGN,493,2016,5,7,10.123,9.118,916.695,0.0286050780170055,0.0299077430555555,0.0257975858634939,0.0295083333333333
CGGN,494,2016,5,8,10.123,9.118,916.695,0.036400140668027,0.0363225347222222,0.0355667729574668,0.036275
CGGN,495,2016,5,9,10.123,9.118,916.695,0.0380152723074544,0.0370028125,0.0350099873781781,0.0384583333333333
CGGN,496,2016,5,10,10.123,9.118,916.695,0.0345464942299891,0.0355901736111111,0.0357622189404686,0.0352833333333333
CGGN,498,2016,5,12,10.123,9.118,916.695,0.0256010027302387,0.0263716201117318,0.0251527161183604,0.0276499999999999
CGGN,499,2016,5,13,10.123,9.118,916.695,0.0305133390786914,0.0320636805555555,0.0281850203872093,0.03025
CGGN,500,2016,5,14,10.123,9.118,916.695,0.0369356493845273,0.0355794791666666,0.0331769261520943,0.0361083333333333
CGGN,501,2016,5,15,10.123,9.118,916.695,0.042407857478097,0.041320625,0.043944433038876,0.0422291666666666
CGGN,503,2016,5,17,10.123,9.118,916.695,0.0390149760846896,0.0400862844036697,0.0414962798748375,0.0436583333333333
CGGN,504,2016,5,18,10.123,9.118,916.695,0.0384332277921927,0.0390857291666666,0.040509940104704,0.0420541666666666
CGGN,505,2016,5,19,10.123,9.118,916.695,0.036634718627301,0.0379809722222222,0.0412751825944841,0.0425541666666666
CGGN,506,2016,5,20,10.123,9.118,916.695,0.037827274133374,0.0376811458333333,0.0394586112661156,0.0391041666666666
CGGN,507,2016,5,21,10.123,9.118,916.695,0.0439093357325788,0.0426759375,0.043431111440598,0.0427124999999999
CGGN,508,2016,5,22,10.123,9.118,916.695,0.0419628372707566,0.0416887152777777,0.0449308098916542,0.0440875
CGGN,509,2016,5,23,10.123,9.118,916.695,0.0446866141574227,0.0434484722222222,0.0447052247040678,0.0432333333333333
CGGN,510,2016,5,24,10.123,9.118,916.695,0.041969792476015,0.0425346875,0.0409693561735126,0.0411166666666666
CGGN,511,2016,5,25,10.123,9.118,916.695,0.0372649998512997,0.0372286805555555,0.0393445923133237,0.0388
CGGN,512,2016,5,26,10.123,9.118,916.695,0.0354333061166491,0.0342240972222222,0.0353793215767717,0.0356833333333333
CGGN,513,2016,5,27,10.123,9.118,916.695,0.0370068296126421,0.0372659722222222,0.0396197929184961,0.0397333333333333
CGGN,514,2016,5,28,10.123,9.118,916.695,0.0353693316614003,0.035531875,0.0383678065279079,0.0391208333333333
CGGN,515,2016,5,29,10.123,9.118,916.695,0.032238169132027,0.0336670486111111,0.0308079490940711,0.0309291666666666
CGGN,516,2016,5,30,10.123,9.118,916.695,0.0328735596094338,0.03251,0.0315276968713309,0.03335
CGGN,518,2016,6,1,10.123,9.118,916.695,0.0378693096988191,0.0378463541666666,0.0397162884179511,0.0383583333333333
CGGN,519,2016,6,2,10.123,9.118,916.695,0.0391087132140042,0.0372780902777777,0.0359079979053956,0.0379666666666666
CGGN,520,2016,6,3,10.123,9.118,916.695,0.0384410812371317,0.0393695486111111,0.0401232287233003,0.0403833333333333
CGGN,521,2016,6,4,10.123,9.118,916.695,0.0378812045148981,0.0383240972222222,0.0391353297857957,0.0398625
CGGN,522,2016,6,5,10.123,9.118,916.695,0.0376993131818011,0.0384405555555555,0.0383663717890775,0.0369125
CGGN,523,2016,6,6,10.123,9.118,916.695,0.0390064120801375,0.0395029166666666,0.0392526025964303,0.0395541666666666
CGGN,524,2016,6,7,10.123,9.118,916.695,0.0374202125857561,0.0365231944444444,0.0420754483768746,0.0405958333333333
CGGN,525,2016,6,8,10.123,9.118,916.695,0.0411485318743903,0.0407161458333333,0.041087365159013,0.0401125
CGGN,526,2016,6,9,10.123,9.118,916.695,0.0410310201242848,0.0414247916666666,0.0412914544734184,0.0413166666666666
CGGN,527,2016,6,10,10.123,9.118,916.695,0.0402780930162263,0.0395987499999999,0.03930891053333,0.038225
CGGN,528,2016,6,11,10.123,9.118,916.695,0.0415761831455231,0.0415475347222222,0.0428515176105952,0.0409333333333333
CGGN,529,2016,6,12,10.123,9.118,916.695,0.0368049226733542,0.0373563888888888,0.0411875369626438,0.0403625
CGGN,530,2016,6,13,10.123,9.118,916.695,0.0336651707491156,0.0339821527777777,0.0348352947154258,0.0344208333333333
CGGN,531,2016,6,14,10.123,9.118,916.695,0.0371935526409432,0.0366075347222222,0.0359422721991654,0.0359333333333333
CGGN,532,2016,6,15,10.123,9.118,916.695,0.0421277309590788,0.0421444097222222,0.0423311446231075,0.0417625
CGGN,533,2016,6,16,10.123,9.118,916.695,0.0368676400880606,0.0364801736111111,0.0388706326576135,0.0405375
CGGN,534,2016,6,17,10.123,9.118,916.695,0.0363584543590708,0.0359127083333333,0.0374201533016152,0.03705
CGGN,535,2016,6,18,10.123,9.118,916.695,0.0372596166466321,0.0374543055555555,0.0369874847753421,0.0369708333333333
CGGN,536,2016,6,19,10.123,9.118,916.695,0.0339545257797517,0.0312351041666666,0.0341789094997702,0.0342499999999999
CGGN,537,2016,6,20,10.123,9.118,916.695,0.039216262533351,0.0382738888888888,0.0379975276396958,0.0382458333333333
CGGN,538,2016,6,21,10.123,9.118,916.695,0.0378586409898571,0.0382460763888888,0.0387019776084566,0.0384125
CGGN,539,2016,6,22,10.123,9.118,916.695,0.0386519521445604,0.0378597222222222,0.0379319431227924,0.0388416666666666
CGGN,540,2016,6,23,10.123,9.118,916.695,0.0433186973460407,0.0418882291666666,0.0408669570003516,0.0410583333333333
CGGN,541,2016,6,24,10.123,9.118,916.695,0.0409802834812357,0.0402985416666666,0.0410610913917143,0.0417458333333333
CGGN,542,2016,6,25,10.123,9.118,916.695,0.0392114416580841,0.0392689583333333,0.0393645483122733,0.040625
CGGN,543,2016,6,26,10.123,9.118,916.695,0.0382292876605544,0.0385334722222222,0.0407581842922754,0.04175
CGGN,544,2016,6,27,10.123,9.118,916.695,0.040982970391607,0.0407217708333333,0.0415308410718738,0.0425416666666666
CGGN,545,2016,6,28,10.123,9.118,916.695,0.0400136759282514,0.0390376736111111,0.0413809139001809,0.0397625
CGGN,546,2016,6,29,10.123,9.118,916.695,0.0410179030309888,0.0412365972222222,0.0421779365893834,0.0423708333333333
CGGN,547,2016,6,30,10.123,9.118,916.695,0.0400383906537201,0.0407858333333333,0.0407954226490984,0.0399166666666666
CGGN,548,2016,7,1,10.123,9.118,916.695,0.0400854617673437,0.0394137847222222,0.0375700547728341,0.0365333333333333
CGGN,549,2016,7,2,10.123,9.118,916.695,0.0407407253251744,0.0390484375,0.0405916188164699,0.04085
CGGN,550,2016,7,3,10.123,9.118,916.695,0.035061294615675,0.0349561805555555,0.0374872325120323,0.037225
CGGN,551,2016,7,4,10.123,9.118,916.695,0.0361270397294361,0.0378821180555555,0.0374139807796743,0.0382458333333333
CGGN,552,2016,7,5,10.123,9.118,916.695,0.0395876534831074,0.0410652430555555,0.0413000451916037,0.0403833333333333
CGGN,553,2016,7,6,10.123,9.118,916.695,0.0371099197610199,0.0372582638888888,0.0395923641895363,0.039475
CGGN,554,2016,7,7,10.123,9.118,916.695,0.03390091811388,0.034138125,0.0378338375479886,0.038225
CGGN,555,2016,7,8,10.123,9.118,916.695,0.0402449940051847,0.0418121527777777,0.0405498011912983,0.0401458333333333
CGGN,556,2016,7,9,10.123,9.118,916.695,0.0401119874588826,0.0401339930555555,0.042395487771308,0.0424875
CGGN,557,2016,7,10,10.123,9.118,916.695,0.041520355039513,0.0427959027777777,0.0421448038351021,0.0430708333333333
CGGN,558,2016,7,11,10.123,9.118,916.695,0.0421052272304095,0.0426669791666666,0.0420982533515877,0.0421166666666666
