IGS (3CH),IGS (ETC),IGS (DC),ERA5 (3CH),ERA5 (ETC),VMF3 (3CH),VMF3 (ETC),VMF3 (DC)
1.31,1.31,1.66,0.79,0.79,0.93,0.92,1.22
1.15,1.15,1.35,0.71,0.71,0.49,0.48,1.08
1.64,1.65,1.99,1.05,1.03,0.88,0.71,1.47
2.05,2.04,2.16,0.5,0.49,0.95,0.95,1.11
0.78,0.78,1.17,0.69,0.69,0.88,0.87,1.11
1.23,1.2,1.39,0.64,0.58,0.9,0.92,1.17
1.19,1.19,1.38,0.44,0.45,0.68,0.67,0.81
1.94,1.57,3.27,1.48,1.34,0.1,0.21,1.71
1.09,1.09,1.26,0.54,0.55,0.76,0.73,1.01
1.45,1.45,1.58,0.45,0.45,0.79,0.78,1.01
1.14,1.15,1.41,0.59,0.59,0.78,0.76,1.08
1.4,1.37,1.85,0.94,0.92,0.93,0.95,1.37
1.22,1.23,1.57,0.96,0.93,1.54,1.52,1.84
1.31,1.31,1.49,0.7,0.69,0.82,0.82,1.13
1.18,1.15,1.44,0.69,0.72,0.79,0.7,1.07
1.53,1.54,1.76,0.85,0.85,0.73,0.72,1.13
1.87,1.88,1.93,0.5,0.46,1.39,1.28,1.88
1.13,1.14,1.49,0.83,0.8,0.93,0.92,1.29
1.9,1.9,2.41,0.43,0.43,1.07,1.07,1.2
1.35,1.34,2.7,0.55,0.53,0.75,0.76,0.94
0.95,0.95,1.06,0.45,0.39,0.68,0.68,0.82
1.71,1.61,2.22,1.29,1.26,0.7,0.75,1.48
1.65,1.6,2.07,1.24,1.21,0.81,0.84,1.48
0.91,0.92,0.99,0.29,0.25,0.62,0.61,0.71
0.98,0.98,1.08,0.31,0.23,0.63,0.62,0.72
1.51,1.51,1.84,0.74,0.75,1.04,1.03,1.28
1.6,1.6,1.76,0.49,0.5,1.13,1.12,1.28
1.6,1.59,1.95,0.93,0.86,1.09,1.1,1.43
1.12,1.11,1.44,0.63,0.64,0.78,0.69,1.04
1.95,1.97,2.33,1.11,1,0.86,0.8,1.4
1.03,1.02,1.39,0.72,0.72,0.76,0.76,1.2
