STN,DOY,YEAR,MONTH,DAY,LAT,LON,H,IGS_PWV,NGL_PWV,VMF3_PWV,ERA5_PWV
NURK,1,2015,1,1,-1.94,30.09,1485.3,0.0285744667777404,0.0268783680555555,0.0239825584454784,0.0280291666666666
NURK,4,2015,1,4,-1.94,30.09,1485.3,0.0263241730491335,0.0247114236111111,0.0214885030199368,0.0240375
NURK,8,2015,1,8,-1.94,30.09,1485.3,0.0283286173121838,0.0267609027777777,0.0253995217454669,0.0280583333333333
NURK,9,2015,1,9,-1.94,30.09,1485.3,0.0273015581959652,0.0260932222222222,0.0244211248870778,0.0277041666666666
NURK,11,2015,1,11,-1.94,30.09,1485.3,0.0325708462472729,0.0305657222222222,0.0312520183945302,0.0301791666666666
NURK,12,2015,1,12,-1.94,30.09,1485.3,0.031156033358402,0.0294086458333333,0.0304953528952616,0.0301708333333333
NURK,13,2015,1,13,-1.94,30.09,1485.3,0.028681217694709,0.0260559027777777,0.0269268725348102,0.0272833333333333
NURK,14,2015,1,14,-1.94,30.09,1485.3,0.0258377701824721,0.0242442708333333,0.0234057531464357,0.0244999999999999
NURK,15,2015,1,15,-1.94,30.09,1485.3,0.026015546244224,0.0244842708333333,0.0205630747637429,0.0231583333333333
NURK,16,2015,1,16,-1.94,30.09,1485.3,0.0268414827553114,0.0256167013888888,0.021867068506436,0.0245083333333333
NURK,17,2015,1,17,-1.94,30.09,1485.3,0.0232737499707832,0.0210313541666666,0.0201615173559901,0.0221375
NURK,18,2015,1,18,-1.94,30.09,1485.3,0.0266904396779279,0.0255432291666666,0.0218803225594562,0.02415
NURK,19,2015,1,19,-1.94,30.09,1485.3,0.0289887009767776,0.0262815277777777,0.0240909359638241,0.0261083333333333
NURK,20,2015,1,20,-1.94,30.09,1485.3,0.0310616914356494,0.0294224652777777,0.0286291737796981,0.02985
NURK,21,2015,1,21,-1.94,30.09,1485.3,0.0300035355927505,0.0289352430555555,0.0273605557526805,0.0299875
NURK,22,2015,1,22,-1.94,30.09,1485.3,0.0269101593429485,0.0273978125,0.028368513349689,0.0299791666666666
NURK,23,2015,1,23,-1.94,30.09,1485.3,0.0267318234977774,0.02569125,0.0277466042413046,0.0269166666666666
NURK,24,2015,1,24,-1.94,30.09,1485.3,0.0279573512677845,0.0283229513888888,0.0309146910019805,0.0314
NURK,25,2015,1,25,-1.94,30.09,1485.3,0.0247902465360208,0.0255086111111111,0.0278001345790659,0.0288041666666666
NURK,26,2015,1,26,-1.94,30.09,1485.3,0.0241278252140838,0.0239784027777777,0.0245910365156613,0.0256125
NURK,27,2015,1,27,-1.94,30.09,1485.3,0.024350310929187,0.0204559027777777,0.0215368814780612,0.0216166666666666
NURK,28,2015,1,28,-1.94,30.09,1485.3,0.0268854892051527,0.0238718402777777,0.0221791703036416,0.0235708333333333
NURK,29,2015,1,29,-1.94,30.09,1485.3,0.0271203497430148,0.0240233680555555,0.0233026024913867,0.0241666666666666
NURK,30,2015,1,30,-1.94,30.09,1485.3,0.0276331856763717,0.0264420138888888,0.0251792134203215,0.028
NURK,32,2015,2,1,-1.94,30.09,1485.3,0.0270565417206105,0.0251455555555555,0.0217745164677038,0.0250958333333333
NURK,33,2015,2,2,-1.94,30.09,1485.3,0.029417525583986,0.0274686458333333,0.0230552316453354,0.0254583333333333
NURK,34,2015,2,3,-1.94,30.09,1485.3,0.0299672905841538,0.0278488541666666,0.0251936054932645,0.0284083333333333
NURK,35,2015,2,4,-1.94,30.09,1485.3,0.028647604315951,0.0286866666666666,0.025368468126824,0.0280625
NURK,36,2015,2,5,-1.94,30.09,1485.3,0.0234291099693499,0.0239469791666666,0.0226645354189483,0.0254458333333333
NURK,37,2015,2,6,-1.94,30.09,1485.3,0.0241943159039672,0.0243707986111111,0.0230196648452741,0.0260583333333333
NURK,38,2015,2,7,-1.94,30.09,1485.3,0.0231859987914191,0.0215706597222222,0.0206143911226414,0.0235125
NURK,39,2015,2,8,-1.94,30.09,1485.3,0.0271986973304729,0.0280421527777777,0.0251570890521158,0.0267166666666666
NURK,40,2015,2,9,-1.94,30.09,1485.3,0.0256615195457438,0.0242107291666666,0.0278781180159534,0.0271125
NURK,41,2015,2,10,-1.94,30.09,1485.3,0.0244439765387105,0.0240014930555555,0.0230270311217526,0.0262791666666666
NURK,42,2015,2,11,-1.94,30.09,1485.3,0.0251925229895161,0.0262006249999999,0.0231459486447137,0.0237625
NURK,43,2015,2,12,-1.94,30.09,1485.3,0.0258488537328967,0.0263020833333333,0.0230279357796594,0.0267333333333333
NURK,44,2015,2,13,-1.94,30.09,1485.3,0.0282962635719904,0.0278032291666666,0.0244235035436293,0.0284833333333333
NURK,45,2015,2,14,-1.94,30.09,1485.3,0.0290882316751111,0.0273405902777777,0.0253802857393816,0.0275208333333333
NURK,46,2015,2,15,-1.94,30.09,1485.3,0.0299797608884027,0.0281112152777777,0.0282915039421054,0.0286291666666666
NURK,47,2015,2,16,-1.94,30.09,1485.3,0.0328748834395865,0.0311710069444444,0.0300183136669283,0.030775
NURK,48,2015,2,17,-1.94,30.09,1485.3,0.0320465300989368,0.0311855555555555,0.0312940100438264,0.0315416666666666
NURK,49,2015,2,18,-1.94,30.09,1485.3,0.0314281126283426,0.0293440972222222,0.0317457311423033,0.0309541666666666
NURK,50,2015,2,19,-1.94,30.09,1485.3,0.0279337359815141,0.0274844791666666,0.0303118522867993,0.0292541666666666
NURK,51,2015,2,20,-1.94,30.09,1485.3,0.0237828727231975,0.0249286458333333,0.0283323890328001,0.0295916666666666
NURK,52,2015,2,21,-1.94,30.09,1485.3,0.0234852953351728,0.02571375,0.0284405685806196,0.02685
NURK,53,2015,2,22,-1.94,30.09,1485.3,0.025030841149633,0.0246990972222222,0.0258347901119156,0.0269666666666666
NURK,54,2015,2,23,-1.94,30.09,1485.3,0.0272405733527859,0.0264543055555555,0.0268085020445315,0.0280916666666666
NURK,55,2015,2,24,-1.94,30.09,1485.3,0.0277501611545497,0.0274194444444444,0.0269576919150538,0.0277833333333333
NURK,56,2015,2,25,-1.94,30.09,1485.3,0.02771196766394,0.0265735416666666,0.0262118022426545,0.0273541666666666
NURK,57,2015,2,26,-1.94,30.09,1485.3,0.0243446554194948,0.0238907986111111,0.0245513693926762,0.026475
NURK,58,2015,2,27,-1.94,30.09,1485.3,0.0226643790278132,0.0221730555555555,0.0236005489240493,0.024975
NURK,59,2015,2,28,-1.94,30.09,1485.3,0.0240888875155794,0.0257307638888888,0.0300388858062587,0.0294458333333333
NURK,60,2015,3,1,-1.94,30.09,1485.3,0.0272466697162679,0.0268486458333333,0.027243593547525,0.0271625
NURK,61,2015,3,2,-1.94,30.09,1485.3,0.0284832418864349,0.0269354166666666,0.0291984619156526,0.0285541666666666
NURK,62,2015,3,3,-1.94,30.09,1485.3,0.0282498902746215,0.0293016666666666,0.0292726888705131,0.0287083333333333
NURK,63,2015,3,4,-1.94,30.09,1485.3,0.0263069420835811,0.0260009375,0.0260933323509208,0.0261083333333333
NURK,64,2015,3,5,-1.94,30.09,1485.3,0.0230644119327295,0.0223622916666666,0.0208000719424455,0.0232166666666666
NURK,65,2015,3,6,-1.94,30.09,1485.3,0.0235284262388465,0.0237361458333333,0.0234879951392507,0.0246458333333333
NURK,66,2015,3,7,-1.94,30.09,1485.3,0.0232082104873091,0.0235330902777777,0.0222791081966795,0.0246416666666666
NURK,67,2015,3,8,-1.94,30.09,1485.3,0.0202652594232421,0.0221072569444444,0.0228051014397385,0.024575
NURK,68,2015,3,9,-1.94,30.09,1485.3,0.0161449258768609,0.0173500347222222,0.0185520594472131,0.0199624999999999
NURK,69,2015,3,10,-1.94,30.09,1485.3,0.0170361928580803,0.0192283333333333,0.015974895354706,0.0228416666666666
NURK,70,2015,3,11,-1.94,30.09,1485.3,0.0217581071564864,0.0216679166666666,0.0229337212523772,0.0226625
NURK,71,2015,3,12,-1.94,30.09,1485.3,0.0265492566333214,0.0269242708333333,0.0258103259570387,0.0259208333333333
NURK,72,2015,3,13,-1.94,30.09,1485.3,0.0284395102962077,0.0274467361111111,0.0276541746417151,0.0276416666666666
NURK,73,2015,3,14,-1.94,30.09,1485.3,0.0268279749223003,0.024399375,0.0265237692286451,0.0271583333333333
NURK,74,2015,3,15,-1.94,30.09,1485.3,0.023631414780545,0.0197337847222222,0.0197015451590319,0.0220541666666666
NURK,75,2015,3,16,-1.94,30.09,1485.3,0.0208660430330638,0.0189737152777777,0.0171195379106316,0.0212458333333333
NURK,76,2015,3,17,-1.94,30.09,1485.3,0.0263835898716431,0.0257403125,0.0257574052910467,0.02595
NURK,77,2015,3,18,-1.94,30.09,1485.3,0.0308022192343103,0.0294395138888888,0.0308459244434079,0.0313916666666666
NURK,78,2015,3,19,-1.94,30.09,1485.3,0.0327604431694975,0.0307183680555555,0.0299501083457297,0.0316208333333333
NURK,79,2015,3,20,-1.94,30.09,1485.3,0.0313120551983932,0.0285331597222222,0.0293056765639723,0.0284833333333333
NURK,81,2015,3,22,-1.94,30.09,1485.3,0.0346227793620498,0.0333065625,0.0341831482818663,0.0337958333333333
NURK,82,2015,3,23,-1.94,30.09,1485.3,0.0357237364321826,0.0339433680555555,0.0355548617552442,0.0358041666666666
NURK,83,2015,3,24,-1.94,30.09,1485.3,0.033644045028194,0.0337300347222222,0.0354291959783988,0.0345625
NURK,84,2015,3,25,-1.94,30.09,1485.3,0.0316862118028445,0.0317665972222222,0.0324155233339849,0.0323708333333333
NURK,85,2015,3,26,-1.94,30.09,1485.3,0.0322950140906825,0.0327276736111111,0.0338015561992749,0.0340083333333333
NURK,86,2015,3,27,-1.94,30.09,1485.3,0.0341584333305966,0.0333383680555555,0.0330423753003238,0.0335333333333333
NURK,87,2015,3,28,-1.94,30.09,1485.3,0.0348437432088577,0.0335639583333333,0.032542658827758,0.0343833333333333
NURK,88,2015,3,29,-1.94,30.09,1485.3,0.0361649866388134,0.0353728472222222,0.0344160504646009,0.0364416666666666
NURK,89,2015,3,30,-1.94,30.09,1485.3,0.0357740088269664,0.0338483623693379,0.0346222753605737,0.0355666666666666
NURK,91,2015,4,1,-1.94,30.09,1485.3,0.0341278729640978,0.0332581944444444,0.0328974852272742,0.0338791666666666
NURK,92,2015,4,2,-1.94,30.09,1485.3,0.0322337855690798,0.0308056944444444,0.0317688796611094,0.03205
NURK,93,2015,4,3,-1.94,30.09,1485.3,0.0356401602945267,0.0335127083333333,0.0334285305332949,0.0352666666666666
NURK,94,2015,4,4,-1.94,30.09,1485.3,0.0365003451376347,0.0348459722222222,0.0351740934092624,0.0348583333333333
NURK,95,2015,4,5,-1.94,30.09,1485.3,0.035711718043017,0.0342372222222222,0.0341417881333453,0.0348458333333333
NURK,96,2015,4,6,-1.94,30.09,1485.3,0.0334982679505,0.0314074652777777,0.0309149062787735,0.0319041666666666
NURK,97,2015,4,7,-1.94,30.09,1485.3,0.0317600934953464,0.0309241666666666,0.03172710970777,0.0312416666666666
NURK,98,2015,4,8,-1.94,30.09,1485.3,0.0315316896753156,0.0287101388888888,0.0290472618428108,0.0294041666666666
NURK,99,2015,4,9,-1.94,30.09,1485.3,0.0349794075246667,0.0334565277777777,0.0333055733108475,0.0351208333333333
NURK,101,2015,4,11,-1.94,30.09,1485.3,0.0325088405169289,0.0311973263888888,0.0324108993273715,0.0309791666666666
NURK,102,2015,4,12,-1.94,30.09,1485.3,0.0337425183658466,0.0322835416666666,0.0319392803244583,0.0330708333333333
NURK,110,2015,4,20,-1.94,30.09,1485.3,0.0319243015061052,0.02929375,0.0291887655360935,0.0304958333333333
NURK,111,2015,4,21,-1.94,30.09,1485.3,0.0324885675938896,0.0310529513888888,0.0331361550160882,0.0322791666666666
NURK,115,2015,4,25,-1.94,30.09,1485.3,0.0336049158056393,0.0318602430555555,0.0333347456144841,0.0325416666666666
NURK,117,2015,4,27,-1.94,30.09,1485.3,0.0349383715838504,0.03290625,0.0346036756171436,0.0351208333333333
NURK,126,2015,5,6,-1.94,30.09,1485.3,0.0343784905813938,0.0323873611111111,0.0334513937081785,0.0348708333333333
