station,product,n_obs,period_used,orig_mean,orig_std,orig_range,trend_mean,trend_std,trend_range,trend_slope,trend_pvalue,seasonal_amplitude,seasonal_std,resid_mean,resid_std,resid_range,adf_orig,adf_resid,trend_contribution,seasonal_contribution,resid_contribution,variance_reduction,delta_sigma_percent,trend_strength,seasonal_strength,orig_var,trend_var,seasonal_var,resid_var
ABPO,IGS,2178,365,20.089310,8.815318,37.711056,19.374287,0.925536,3.396700,-0.029208,0.000451,49.758769,7.652784,0.418637,6.115814,55.048147,0.003864,0.000173,0.884708,60.485580,38.629712,51.868145,-30.622875,0.024114,0.493759,77.709833,0.856618,58.565108,37.403184
ABPO,VMF3,2178,365,19.318099,8.762466,35.355927,18.522559,1.046879,4.044592,0.120002,0.000000,50.877988,7.591240,0.528966,6.052915,53.804828,0.022007,0.000021,1.149274,60.430504,38.420222,52.282647,-30.922252,0.026260,0.498173,76.780818,1.095955,57.626923,36.637774
ABPO,ERA5,2178,365,19.379007,8.709162,37.250000,18.634834,0.943251,3.451098,-0.024427,0.004007,50.974493,7.348846,0.493969,6.061830,54.677549,0.019446,0.000021,0.970878,58.931603,40.097519,51.554351,-30.397091,0.024425,0.485894,75.849504,0.889723,54.005536,36.745784
ADIS,IGS,2212,365,17.804743,5.278776,26.198762,18.024110,1.444404,6.493179,0.563685,0.000000,30.230293,4.408292,-0.228231,3.990552,39.699293,0.000244,0.000000,5.571818,51.899141,42.529041,42.852183,-24.403825,0.041494,0.407066,27.865473,2.086303,19.433035,15.924509
ADIS,VMF3,2212,365,17.092622,5.192062,25.294424,17.316145,1.542847,6.941390,0.634577,0.000000,29.458971,4.389120,-0.236303,3.734509,35.816964,0.000072,0.000000,6.688080,54.126625,39.185295,48.264643,-28.072705,0.042256,0.459220,26.957504,2.380375,19.264377,13.946561
ADIS,ERA5,2212,365,17.763855,5.188738,24.991667,18.061115,1.346382,6.101761,0.555595,0.000000,28.973120,4.355997,-0.280812,3.710695,35.019029,0.000007,0.000000,5.245712,54.908900,39.845388,48.856908,-28.485602,0.031575,0.471393,26.923002,1.812745,18.974710,13.769256
BJCO,IGS,1619,365,49.323316,8.294582,47.300589,48.911737,1.107791,4.453560,-0.008050,0.594482,46.353644,7.636577,0.030678,5.240772,73.329382,0.000001,0.000000,1.410410,67.023533,31.566057,60.079000,-36.816933,0.018953,0.591981,68.800095,1.227200,58.317303,27.465686
BJCO,VMF3,1619,365,49.168272,8.604981,51.478605,48.823111,1.199147,5.129253,-0.019080,0.243700,56.943544,7.739348,-0.048617,5.383743,76.056156,0.000007,0.000001,1.592063,66.316883,32.091054,60.855677,-37.434576,0.021624,0.593329,74.045694,1.437954,59.897502,28.984685
BJCO,ERA5,1619,365,49.820179,7.966686,48.904167,49.346728,1.100763,4.922409,0.069551,0.000003,43.929265,7.197837,0.119448,5.047811,65.934963,0.000001,0.000000,1.543522,65.997758,32.458719,59.853211,-36.638506,0.024683,0.582990,63.468085,1.211679,51.808858,25.480398
CPVG,IGS,1092,365,28.029054,10.782690,54.438566,27.924493,1.877005,7.261936,-1.135212,0.000000,51.969768,10.140536,-0.186513,6.213447,54.121581,0.012266,0.000374,2.430419,70.936869,26.632712,66.794427,-42.375723,0.021561,0.658287,116.266394,3.523148,102.830465,38.606922
CPVG,VMF3,1092,365,27.506041,10.914331,52.463097,27.458319,1.498047,5.656430,-0.921740,0.000000,51.252959,10.232816,-0.319699,6.327653,53.901615,0.009982,0.000621,1.526693,71.234624,27.238683,66.388254,-42.024362,0.016287,0.655729,119.122626,2.244145,104.710531,40.039194
CPVG,ERA5,1092,365,27.534114,10.844220,52.591667,27.558834,1.639563,6.204002,-1.060446,0.000000,51.563558,10.142360,-0.353898,6.296115,54.698317,0.007804,0.000438,1.851396,70.846976,27.301628,66.290786,-41.940363,0.017591,0.659397,117.597113,2.688166,102.867473,39.641063
DAKR,IGS,2067,365,30.605988,14.127017,57.181053,30.402836,2.661627,11.714505,-1.071985,0.000000,74.905629,13.077505,0.242901,7.412947,75.254090,0.035896,0.000001,3.039708,73.381622,23.578670,72.465269,-47.526453,0.018490,0.750645,199.572609,7.084258,171.021136,54.951782
DAKR,VMF3,2067,365,30.980973,14.290449,57.678842,30.898890,2.646769,12.021773,-1.096875,0.000000,72.516193,13.327048,0.127970,7.439917,74.397671,0.040873,0.000002,2.919301,74.014136,23.066563,72.895314,-47.937839,0.020473,0.759433,204.216947,7.005387,177.610222,55.352363
DAKR,ERA5,2067,365,30.615718,14.464560,60.795833,30.584668,2.737029,12.361915,-1.118070,0.000000,72.183242,13.524554,0.064658,7.551375,76.672316,0.037013,0.000003,3.027677,73.925929,23.046393,72.745285,-47.793952,0.021726,0.753703,209.223483,7.491326,182.913554,57.023264
DEAR,IGS,1808,365,12.097262,6.344034,36.553452,11.464055,0.754439,2.950526,-0.027208,0.004846,47.656269,5.270753,0.709338,4.517717,48.918859,0.000002,0.000000,1.167310,56.974899,41.857792,49.288427,-28.787942,0.006474,0.488390,40.246768,0.569178,27.780838,20.409769
DEAR,VMF3,1808,365,11.747944,6.173045,36.145212,11.204789,0.713137,2.820579,0.049013,0.000000,47.490846,5.099771,0.656218,4.670393,50.763308,0.000001,0.000000,1.052301,53.814000,45.133699,42.758894,-24.342148,0.007801,0.421641,38.106488,0.508564,26.007660,21.812575
DEAR,ERA5,1808,365,11.581887,6.112635,35.695833,11.063855,0.754898,3.289977,-0.053743,0.000000,34.557084,4.894625,0.592132,4.444070,46.469393,0.000002,0.000000,1.287060,54.107910,44.605030,47.142709,-27.296980,0.005212,0.463268,37.364310,0.569871,23.957351,19.749762
HARB,IGS,2672,365,16.171589,8.375773,38.414425,16.051564,1.031642,4.527113,-0.210370,0.000000,45.458004,7.556124,0.171528,4.798940,48.764439,0.008899,0.000000,1.310872,70.323474,28.365654,67.172273,-42.704514,0.016019,0.664683,70.153578,1.064285,57.095011,23.029825
HARB,VMF3,2672,365,15.444707,8.139812,38.057693,15.308124,0.904514,4.101642,-0.147082,0.000000,45.604965,7.334724,0.166744,4.753071,55.706713,0.011541,0.000000,1.059664,69.679529,29.260807,65.902705,-41.607111,0.013707,0.654990,66.256539,0.818146,53.798178,22.591687
HARB,ERA5,2672,365,15.796109,8.316398,37.104167,15.688624,0.928019,3.767333,-0.247228,0.000000,43.092287,7.523585,0.138864,4.796601,57.213071,0.002353,0.000000,1.070197,70.339593,28.590209,66.734300,-42.323575,0.010771,0.663595,69.162474,0.861219,56.604336,23.007381
HNUS,IGS,1779,365,18.393035,5.535504,34.254500,18.006747,0.553266,2.052336,-0.136212,0.000000,31.227928,4.139207,0.425174,4.237833,40.360546,0.000320,0.000000,0.864739,48.400642,50.734619,41.389803,-23.442703,0.016751,0.390264,30.641809,0.306103,17.133035,17.959224
HNUS,VMF3,1779,365,18.457895,5.314548,33.779664,18.134232,0.474805,1.787197,0.056582,0.000000,29.891300,4.011882,0.370272,4.230306,41.008310,0.000305,0.000000,0.658869,47.039795,52.301335,36.640598,-20.401381,0.014131,0.351882,28.244416,0.225440,16.095198,17.895493
HNUS,ERA5,1779,365,17.988355,5.376705,33.783333,17.620992,0.443725,1.619472,-0.055417,0.000000,30.902324,4.032012,0.392028,4.310050,43.265521,0.000052,0.000000,0.562059,46.408415,53.029526,35.741277,-19.838461,0.011754,0.343082,28.908960,0.196892,16.257118,18.576529
HRAO,IGS,2446,365,17.925021,8.815977,40.098712,18.053893,0.984307,4.414535,0.256964,0.000000,39.843486,8.165184,0.119599,4.931544,53.737556,0.018161,0.000000,1.053575,72.499776,26.446649,68.708597,-44.061281,0.019061,0.688854,77.721446,0.968860,66.670225,24.320131
HRAO,VMF3,2446,365,16.906321,8.636053,39.881987,17.064963,1.009526,4.311366,0.250605,0.000000,43.285318,7.989210,0.084971,4.874668,54.417566,0.019423,0.000000,1.150158,72.032716,26.817126,68.138992,-43.554444,0.022320,0.678703,74.581416,1.019143,63.827479,23.762391
HRAO,ERA5,2446,365,17.320311,8.759611,38.879167,17.438793,0.770649,3.075330,0.149513,0.000000,43.285742,8.136564,0.137985,4.948652,54.612355,0.006385,0.000000,0.650587,72.522783,26.826630,68.084318,-43.506034,0.016191,0.675698,76.730782,0.593899,66.203676,24.489152
MAL2,IGS,2547,365,43.704425,6.932632,36.676760,43.648967,1.668328,5.972368,0.184807,0.000000,34.499169,5.384524,0.111960,4.814182,41.603872,0.000000,0.000000,5.064928,52.760036,42.175036,51.777608,-30.557655,0.088417,0.423886,48.061385,2.783318,28.993100,23.176350
MAL2,VMF3,2547,365,43.248359,7.027365,37.198855,43.150897,1.694992,7.123479,0.302543,0.000000,38.896449,5.511720,0.142280,4.890710,44.176846,0.000000,0.000000,5.025262,53.137089,41.837649,51.565045,-30.404774,0.083698,0.428686,49.383852,2.872998,30.379061,23.919047
MAL2,ERA5,2547,365,42.909152,7.173219,36.954167,42.848392,1.729489,5.961024,0.122287,0.000000,38.535488,5.642890,0.099080,5.052101,46.686824,0.000000,0.000000,4.955729,52.756394,42.287877,50.396101,-29.569964,0.089419,0.410674,51.455069,2.991132,31.842210,25.523721
MBAR,IGS,2204,365,30.267356,4.147529,23.724540,30.483178,0.572001,2.120038,-0.082137,0.000000,21.094176,2.874845,-0.143932,3.494336,34.106293,0.000000,0.000000,1.572833,39.729893,58.697274,29.017613,-15.748954,0.039254,0.256686,17.201996,0.327185,8.264734,12.210387
MBAR,VMF3,2204,365,30.184763,4.074999,23.155356,30.516181,0.707941,2.454141,0.083101,0.000000,22.611681,3.054875,-0.241887,3.357723,33.860525,0.000000,0.000000,2.374391,44.212497,53.413113,32.105508,-17.601886,0.041821,0.278335,16.605619,0.501180,9.332259,11.274301
MBAR,ERA5,2204,365,30.413807,4.238252,23.437500,30.721775,0.627027,2.430404,-0.050560,0.000000,21.238281,3.021781,-0.216994,3.630005,35.837372,0.000000,0.000000,1.731901,40.223147,58.044952,26.643092,-14.351352,0.043697,0.226347,17.962777,0.393163,9.131163,13.176938
MFKG,IGS,1603,365,16.916354,8.839501,37.774932,15.879409,0.698037,2.212753,-0.071579,0.000000,41.343180,8.117975,0.599259,7.261059,58.893320,0.013955,0.007052,0.409075,55.327467,44.263459,32.524748,-17.856679,0.000540,0.322331,78.136771,0.487256,65.901517,52.722983
MFKG,VMF3,1603,365,16.368123,8.692451,38.972827,15.291056,0.628120,2.009194,-0.219873,0.000000,41.265175,7.914564,0.668225,7.087162,59.192792,0.016117,0.001116,0.348336,55.305330,44.346333,33.524713,-18.467622,0.000823,0.338659,75.558711,0.394535,62.640330,50.227870
MFKG,ERA5,1603,365,16.757153,8.861821,38.445833,15.710969,0.597973,2.034904,-0.110854,0.000000,39.264374,8.251783,0.611249,7.319967,60.066630,0.000455,0.001834,0.293016,55.798681,43.908304,31.770475,-17.398835,0.003446,0.320710,78.531870,0.357571,68.091917,53.581922
MOIU,IGS,1225,365,19.826399,4.473791,22.777624,19.972287,0.357877,1.241928,-0.251861,0.000000,22.213657,4.265307,0.153936,3.793965,32.503690,0.000000,0.001687,0.391490,55.609941,43.998570,28.082376,-15.195741,0.005872,0.286291,20.014804,0.128076,18.192842,14.394171
MOIU,VMF3,1225,365,19.120998,3.951270,21.717877,19.291230,0.244728,0.989334,-0.102505,0.000000,20.696798,3.697646,0.065972,3.254728,28.172982,0.000123,0.002117,0.246207,56.206258,43.547535,32.149031,-17.628300,0.015608,0.314078,15.612535,0.059892,13.672583,10.593256
MOIU,ERA5,1225,365,19.311359,4.269665,22.116667,19.546720,0.238408,0.956646,-0.125590,0.000000,20.935816,3.947155,-0.010032,3.481361,31.583840,0.000229,0.001724,0.204774,56.130617,43.664609,33.517016,-18.462902,0.010618,0.323353,18.230035,0.056839,15.580029,12.119871
NKLG,IGS,2717,365,54.047849,4.720378,28.342203,54.048652,0.883822,3.748843,-0.086951,0.000000,30.775051,4.088619,0.049507,2.906733,33.038334,0.000008,0.000000,3.010521,64.426631,32.562848,62.081022,-38.421613,0.026004,0.580005,22.281971,0.781141,16.716805,8.449096
NKLG,VMF3,2717,365,54.164551,4.436832,25.466689,54.261045,0.766902,3.241070,-0.074841,0.000000,26.836827,3.708790,-0.038999,2.864947,33.649691,0.000012,0.000000,2.608014,60.995118,36.396867,58.304671,-35.428079,0.025550,0.542342,19.685476,0.588138,13.755121,8.207924
NKLG,ERA5,2717,365,54.201814,4.566534,30.108333,54.297060,0.916748,3.885744,-0.133321,0.000000,27.534482,3.821377,-0.028996,2.904331,42.446039,0.000005,0.000000,3.519596,61.155148,35.325256,59.549986,-36.399674,0.037311,0.537926,20.853235,0.840426,14.602924,8.435137
RABT,IGS,1988,365,20.259954,6.768122,39.196950,19.616160,2.077320,8.528266,-0.841696,0.000000,47.161956,5.909609,0.433488,5.752727,50.575096,0.000003,0.000027,5.965854,48.281794,45.752353,27.754437,-15.002610,0.069500,0.321128,45.807471,4.315257,34.923476,33.093865
RABT,VMF3,1988,365,20.437461,6.638824,38.572560,19.807489,1.808821,7.438649,-0.717735,0.000000,45.238940,5.859046,0.449157,5.723346,54.596076,0.000000,0.000003,4.650337,48.791795,46.557868,25.677935,-13.789754,0.045177,0.310706,44.073983,3.271835,34.328418,32.756695
RABT,ERA5,1988,365,20.728452,6.937923,39.954167,20.115744,1.996869,8.024324,-0.816423,0.000000,48.888857,5.945855,0.422023,5.754946,51.990919,0.000021,0.000031,5.503010,48.789891,45.707099,31.194431,-17.050878,0.068515,0.341947,48.134772,3.987486,35.353198,33.119404
RBAY,IGS,1744,365,30.385903,10.055394,53.760208,30.564790,2.220388,9.070868,-0.879536,0.000000,45.135006,8.360413,-0.526013,8.462561,72.977475,0.000536,0.000199,3.366616,47.729959,48.903425,29.171923,-15.840581,0.032741,0.310362,101.110948,4.930125,69.896498,71.614940
RBAY,VMF3,1744,365,29.673629,10.171917,55.405808,29.533785,2.554733,11.994705,-0.664056,0.000000,52.955620,8.531167,-0.322963,8.600260,77.032047,0.001135,0.000245,4.258223,47.484758,48.257019,28.514565,-15.450940,0.034640,0.343534,103.467891,6.526661,72.780813,73.964472
RBAY,ERA5,1744,365,29.237999,10.130957,55.916667,29.250351,2.361199,10.876441,-0.731877,0.000000,63.255406,8.282441,-0.358075,8.281187,75.945209,0.001029,0.000260,3.905554,48.054494,48.039951,33.183417,-18.258589,0.037221,0.362550,102.636294,5.575263,68.598825,68.578065
SBOK,IGS,1817,365,9.502748,4.715442,35.097867,9.081909,0.526653,2.063623,-0.037254,0.000000,36.123694,3.614918,0.449404,3.881322,41.993551,0.000000,0.000000,0.976300,45.997157,53.026542,32.249182,-17.689115,0.013478,0.309711,22.235390,0.277364,13.067635,15.064659
SBOK,VMF3,1817,365,9.469002,4.637867,36.888915,8.978015,0.484971,1.881925,0.005817,0.346095,29.845424,3.454566,0.528992,3.924906,44.254839,0.000000,0.000000,0.852964,43.279816,55.867219,28.382048,-15.372610,0.008309,0.277765,21.509814,0.235197,11.934024,15.404888
SBOK,ERA5,1817,365,9.507898,4.896798,37.454167,9.036396,0.603318,2.673156,-0.038202,0.000001,36.242735,3.798398,0.516235,4.067932,45.512124,0.000000,0.000000,1.161434,46.036620,52.801946,30.988242,-16.926684,0.009724,0.299327,23.978626,0.363992,14.427826,16.548071
SEY2,IGS,2485,365,36.720628,7.492332,36.908312,37.133015,2.467703,9.786316,-0.322145,0.000000,38.258075,5.077411,-0.238219,5.774296,56.549117,0.000000,0.000000,9.338073,39.532659,51.129269,40.603064,-22.930592,0.112386,0.351859,56.135045,6.089558,25.780098,33.342497
SEY2,VMF3,2485,365,35.946928,7.795928,39.425699,36.444701,2.765669,11.043087,-0.447126,0.000000,41.491335,5.393564,-0.339182,5.927297,61.195902,0.000000,0.000000,10.642384,40.475301,48.882315,42.193364,-23.969324,0.130776,0.354693,60.776500,7.648928,29.090535,35.132851
SEY2,ERA5,2485,365,36.153419,8.047929,39.600000,36.673612,2.989681,11.456489,-0.481255,0.000000,40.271243,5.394180,-0.363629,6.197250,60.811871,0.000017,0.000000,11.692888,38.064746,50.242366,40.703402,-22.995716,0.137513,0.327165,64.769155,8.938193,29.097178,38.405906
SEYG,IGS,1359,365,47.947326,7.811811,42.092621,48.162648,2.401687,6.990419,-2.134322,0.000000,38.782580,6.118196,-0.147138,5.932023,46.550072,0.000173,0.000000,7.358273,47.751817,44.889910,42.336337,-24.063406,0.146685,0.297149,61.024388,5.768100,37.432328,35.188898
SEYG,VMF3,1359,365,47.769956,7.959506,41.525473,48.176342,2.283848,5.778638,-1.955891,0.000000,38.805013,6.347268,-0.327118,5.815043,46.285805,0.000582,0.000000,6.575970,50.792454,42.631576,46.625522,-26.942161,0.132835,0.340373,63.353732,5.215960,40.287809,33.814724
SEYG,ERA5,1359,365,47.886670,8.184083,43.254167,48.248771,2.637140,7.099896,-2.280391,0.000000,40.371238,6.376503,-0.295577,5.953839,46.676801,0.003174,0.000000,8.372617,48.950843,42.676540,47.075824,-27.250996,0.156685,0.325914,66.979219,6.954505,40.659792,35.448200
SUTH,IGS,2726,365,7.536681,4.099299,28.846987,7.140565,0.355784,1.093077,-0.020185,0.000000,23.020478,3.138348,0.365579,3.166259,35.132514,0.000001,0.000000,0.632878,49.243661,50.123460,40.341300,-22.760956,0.009104,0.396271,16.804252,0.126582,9.849229,10.025198
SUTH,VMF3,2726,365,7.503967,3.887264,27.602491,7.146629,0.346562,1.141149,0.004196,0.161037,21.068154,2.919514,0.340295,2.984599,33.087276,0.000002,0.000000,0.684300,48.563155,50.752545,41.049966,-23.221074,0.009524,0.402253,15.110819,0.120105,8.523562,8.907833
SUTH,ERA5,2726,365,7.696830,4.092059,26.995833,7.285364,0.320459,0.995641,-0.020284,0.000000,22.023364,3.075546,0.394943,3.055095,29.877785,0.000005,0.000000,0.543490,50.060016,49.396494,44.260176,-25.340892,0.007978,0.434604,16.744950,0.102694,9.458980,9.333606
SUTM,IGS,1769,365,7.291378,3.950333,24.013600,7.093126,0.380417,1.536959,0.087564,0.000000,26.561449,3.543028,0.156328,3.126518,35.592987,0.000490,0.000002,0.643965,55.858642,43.497393,37.359583,-20.854301,0.008877,0.370976,15.605128,0.144717,12.553046,9.775117
SUTM,VMF3,1769,365,7.321837,3.738741,25.994808,7.065408,0.470724,1.742910,0.176638,0.000000,28.397702,3.343136,0.232477,2.972088,35.870318,0.002303,0.000001,1.095229,55.243506,43.661265,36.806510,-20.505667,0.008571,0.375787,13.978187,0.221581,11.176559,8.833304
SUTM,ERA5,1769,365,7.515713,3.957072,25.654167,7.244830,0.413677,1.377300,0.132343,0.000000,28.169554,3.580943,0.247444,3.097464,35.438947,0.003758,0.000000,0.757590,56.768332,42.474077,38.727651,-21.723344,0.002687,0.390794,15.658422,0.171129,12.823150,9.594283
TDOU,IGS,1796,365,24.640071,10.836819,51.951764,24.510246,0.947946,3.403260,0.255396,0.000000,71.008686,9.471249,0.310186,7.211029,69.683418,0.023384,0.000132,0.630146,62.905496,36.464358,55.721704,-33.458061,0.000334,0.560766,117.436638,0.898601,89.704562,51.998943
TDOU,VMF3,1796,365,23.827748,10.681930,50.004646,23.547858,1.003266,3.772600,0.289300,0.000000,67.090352,9.420314,0.469201,7.259071,66.469189,0.007934,0.000024,0.706629,62.300243,36.993128,53.819070,-32.043448,0.001494,0.542835,114.103618,1.006543,88.742318,52.694112
TDOU,ERA5,1796,365,23.959445,10.723852,51.525000,23.850321,0.749894,2.923018,0.199486,0.000000,69.124164,9.524483,0.283896,7.214190,72.445864,0.019628,0.000000,0.392360,63.294795,36.312845,54.744279,-32.727628,0.001321,0.550623,115.001004,0.562341,90.715779,52.044533
ULDI,IGS,1817,365,23.791574,9.950806,45.546033,24.157372,0.849047,3.429186,0.192921,0.000000,57.362880,8.836229,0.094683,6.815025,59.860305,0.007544,0.000062,0.575579,62.341270,37.083151,53.095087,-31.512839,0.000000,0.553196,99.018543,0.720880,78.078936,46.444561
ULDI,VMF3,1817,365,22.948837,9.589737,45.458929,23.227456,0.921073,3.716926,0.158767,0.000000,61.683300,8.499137,0.151284,6.630095,63.941554,0.002871,0.000133,0.724848,61.717513,37.557639,52.200198,-30.862599,0.001938,0.542606,91.963063,0.848375,72.235329,43.958162
ULDI,ERA5,1817,365,23.289830,9.745075,44.587500,23.548444,1.061864,4.006778,0.204754,0.000000,57.190902,8.806832,0.165670,6.906558,63.872893,0.002521,0.000046,0.892135,61.366627,37.741238,49.771187,-29.127711,0.000091,0.521015,94.966491,1.127555,77.560288,47.700541
VACS,IGS,2362,365,28.006468,10.088728,49.360279,26.304866,1.961137,10.250507,-0.686424,0.000000,63.799409,7.716630,1.551516,9.311644,81.745457,0.000020,0.000063,2.562344,39.671365,57.766291,14.811717,-7.702501,0.000000,0.145297,101.782442,3.846057,59.546384,86.706714
VACS,VMF3,2362,365,27.350708,10.115056,48.000500,25.486471,1.685958,9.070934,-0.505588,0.000000,61.303872,7.778628,1.714907,9.462462,83.362491,0.000019,0.001889,1.859179,39.576147,58.564674,12.487177,-6.451711,0.000000,0.128289,102.314353,2.842455,60.507058,89.538179
VACS,ERA5,2362,365,27.419401,10.412855,49.770833,25.642749,1.961638,10.125132,-0.702515,0.000000,63.006905,7.970490,1.625784,9.649936,87.542447,0.000063,0.000070,2.397552,39.582249,58.020199,14.116603,-7.326704,0.000000,0.139373,108.427545,3.848024,63.528718,93.121259
WIND,IGS,1583,365,12.892060,7.301035,33.983028,12.136932,1.312535,6.193923,0.309191,0.000000,34.192065,6.429138,0.526149,4.943113,43.960172,0.000030,0.000009,2.552564,61.243514,36.203922,54.161316,-32.295728,0.044639,0.575736,53.305114,1.722749,41.333816,24.434363
WIND,VMF3,1583,365,11.999287,6.883405,32.769460,11.363126,1.124789,5.106946,0.288253,0.000000,43.983655,6.037015,0.494165,4.646474,63.318258,0.003060,0.000000,2.133458,61.459175,36.407367,54.434048,-32.497443,0.041839,0.564572,47.381266,1.265150,36.445554,21.589725
WIND,ERA5,1583,365,12.336673,7.242890,33.158333,11.535897,1.104468,4.857407,0.194571,0.000000,33.342591,6.261915,0.614140,4.929234,42.755317,0.000221,0.000008,1.884557,60.578280,37.537164,53.683569,-31.943824,0.040355,0.553599,52.459455,1.219851,39.211580,24.297347
YKRO,IGS,2086,365,44.504592,8.483012,45.957827,45.660572,1.316906,6.040305,0.319135,0.000000,43.164432,6.387319,-1.283845,6.608577,68.354924,0.000001,0.000000,2.011755,47.326335,50.661909,39.310201,-22.096342,0.000000,0.406981,71.961494,1.734241,40.797842,43.673286
YKRO,VMF3,2086,365,45.202963,8.480126,48.405404,46.263592,0.873562,4.057874,0.148752,0.000000,52.595079,6.578012,-1.205818,6.514478,60.722849,0.000003,0.000000,0.882496,50.039724,49.077780,40.986056,-23.179466,0.000000,0.421886,71.912540,0.763110,43.270237,42.438426
YKRO,ERA5,2086,365,45.159546,7.763968,46.429167,45.964443,1.000056,4.027968,0.029981,0.000670,50.909483,6.117707,-0.966005,5.865778,55.771084,0.000004,0.000000,1.373144,51.385945,47.240911,42.920026,-24.448710,0.003037,0.436298,60.279199,1.000113,37.426337,34.407351
ZAMB,IGS,2472,365,21.369714,10.828808,40.593309,21.269478,1.705369,7.394060,-0.132177,0.000000,45.578922,9.604572,0.451060,5.935316,62.623357,0.001230,0.000000,2.230552,70.750829,27.018619,69.958172,-45.189574,0.015926,0.710224,117.263081,2.908284,92.247804,35.227973
ZAMB,VMF3,2472,365,21.344564,10.690721,39.354142,21.433801,1.654515,7.123996,-0.173648,0.000000,52.015052,9.600995,0.277046,5.921069,66.555341,0.001780,0.000000,2.106104,70.920326,26.973570,69.324886,-44.614881,0.019225,0.706958,114.291523,2.737421,92.179107,35.059055
ZAMB,ERA5,2472,365,21.844515,10.634379,39.079167,21.967689,1.551482,6.297037,-0.255919,0.000000,45.882588,9.519271,0.226441,5.629850,54.812901,0.027487,0.000000,1.930019,72.656651,25.413330,71.973473,-47.059914,0.016884,0.730555,113.090024,2.407097,90.616520,31.695207
