Product,Method,Mean_Outliers_%,Median_Outliers_%,Std_Outliers_%,Min_Outliers_%,Max_Outliers_%,Stations_Processed
IGS,Hampel,6.127909826351366,6.006768189509306,0.7929940765620311,4.8946716232961585,7.760532150776053,27
IGS,IQR,1.1395397718373845,0.08183306055646482,2.0172215678081047,0.0,7.373595505617978,27
IGS,Zscore,0.35820012673137364,0.07390983000739099,0.5520515946350729,0.0,1.805728518057285,27
VMF3,Hampel,6.385105915272966,6.356245380635625,0.750953689494282,4.79539641943734,8.095605242868157,27
VMF3,IQR,1.2611700417598968,0.15420200462606015,2.0504200618138895,0.0,7.092696629213483,27
VMF3,Zscore,0.41390531301918787,0.07390983000739099,0.6221885680300793,0.0,2.179327521793275,27
ERA5,Hampel,6.25094499811281,6.212510711225364,0.7398102122899108,4.582651391162029,7.688338493292053,27
ERA5,IQR,1.1788822884082566,0.08183306055646482,1.915290357160966,0.0,6.811797752808989,27
ERA5,Zscore,0.4192844560931222,0.0,0.6479462764147835,0.0,1.9302615193026151,27
