STN,DAYS_total,IGS_Hampel_outliers_count,IGS_Hampel_outliers_pct,IGS_IQR_outliers_count,IGS_IQR_outliers_pct,IGS_Zscore_outliers_count,IGS_Zscore_outliers_pct,VMF3_Hampel_outliers_count,VMF3_Hampel_outliers_pct,VMF3_IQR_outliers_count,VMF3_IQR_outliers_pct,VMF3_Zscore_outliers_count,VMF3_Zscore_outliers_pct,ERA5_Hampel_outliers_count,ERA5_Hampel_outliers_pct,ERA5_IQR_outliers_count,ERA5_IQR_outliers_pct,ERA5_Zscore_outliers_count,ERA5_Zscore_outliers_pct,sample_quality,eligible_for_3CH_ETC
ABPO,2074,138,6.65380906460945,0,0.0,0,0.0,129,6.2198649951783995,0,0.0,0,0.0,139,6.702025072324012,0,0.0,0,0.0,Excellent,YES
ADIS,1921,104,5.413846954711088,0,0.0,0,0.0,114,5.9344091618948465,0,0.0,0,0.0,112,5.830296720458095,0,0.0,0,0.0,Excellent,YES
BJCO,1424,80,5.617977528089888,105,7.373595505617978,19,1.3342696629213484,90,6.320224719101123,101,7.092696629213483,17,1.1938202247191012,84,5.898876404494382,97,6.811797752808989,25,1.7556179775280898,Excellent,YES
CPVG,903,67,7.419712070874861,5,0.5537098560354374,0,0.0,57,6.312292358803987,4,0.4429678848283499,0,0.0,53,5.869324473975637,3,0.33222591362126247,0,0.0,Excellent,YES
DAKR,1938,114,5.882352941176471,0,0.0,0,0.0,136,7.017543859649122,0,0.0,0,0.0,149,7.688338493292053,0,0.0,0,0.0,Excellent,YES
DEAR,1604,97,6.047381546134663,31,1.9326683291770574,15,0.9351620947630923,96,5.985037406483791,43,2.680798004987531,15,0.9351620947630923,90,5.610972568578553,45,2.8054862842892767,18,1.1221945137157108,Excellent,YES
HARB,2463,148,6.008932196508323,0,0.0,0,0.0,157,6.374340235485181,0,0.0,1,0.04060089321965083,144,5.84652862362972,0,0.0,0,0.0,Excellent,YES
HNUS,1564,86,5.498721227621483,21,1.3427109974424551,7,0.4475703324808184,75,4.79539641943734,19,1.2148337595907928,10,0.639386189258312,75,4.79539641943734,23,1.4705882352941178,9,0.5754475703324808,Excellent,YES
HRAO,2364,142,6.006768189509306,0,0.0,0,0.0,156,6.598984771573604,0,0.0,0,0.0,150,6.345177664974619,0,0.0,0,0.0,Excellent,YES
MAL2,2333,132,5.657951135876554,0,0.0,0,0.0,133,5.7008144020574365,0,0.0,0,0.0,146,6.2580368624089155,0,0.0,0,0.0,Excellent,YES
MBAR,2036,136,6.679764243614931,7,0.343811394891945,5,0.2455795677799607,149,7.318271119842829,9,0.44204322200392926,5,0.2455795677799607,152,7.465618860510806,6,0.29469548133595286,4,0.19646365422396855,Excellent,YES
MFKG,1380,87,6.304347826086956,0,0.0,0,0.0,107,7.753623188405797,0,0.0,0,0.0,95,6.884057971014493,0,0.0,0,0.0,Excellent,YES
MOIU,1070,81,7.570093457943925,0,0.0,0,0.0,64,5.981308411214953,0,0.0,0,0.0,65,6.074766355140187,0,0.0,0,0.0,Excellent,YES
NKLG,2495,133,5.330661322645291,43,1.723446893787575,12,0.48096192384769537,139,5.571142284569138,79,3.1663326653306614,25,1.002004008016032,144,5.771543086172345,83,3.3266533066132267,22,0.8817635270541082,Excellent,YES
RABT,1866,107,5.734190782422294,6,0.3215434083601286,6,0.3215434083601286,106,5.680600214362272,5,0.2679528403001072,5,0.2679528403001072,108,5.787781350482315,6,0.3215434083601286,6,0.3215434083601286,Excellent,YES
RBAY,1222,62,5.073649754500818,1,0.08183306055646482,1,0.08183306055646482,67,5.482815057283142,1,0.08183306055646482,1,0.08183306055646482,56,4.582651391162029,1,0.08183306055646482,1,0.08183306055646482,Excellent,YES
SBOK,1606,96,5.9775840597758405,72,4.483188044831881,29,1.805728518057285,109,6.787048567870485,68,4.2341220423412205,35,2.179327521793275,96,5.9775840597758405,64,3.9850560398505603,31,1.9302615193026151,Excellent,YES
SEY2,2334,144,6.169665809768637,0,0.0,0,0.0,169,7.240788346186804,0,0.0,0,0.0,145,6.212510711225364,0,0.0,0,0.0,Excellent,YES
SEYG,1297,84,6.4764841942945255,1,0.07710100231303008,2,0.15420200462606015,105,8.095605242868157,2,0.15420200462606015,2,0.15420200462606015,95,7.324595219737857,0,0.0,0,0.0,Excellent,YES
SUTH,2643,137,5.183503594400302,77,2.9133560348089294,26,0.9837306091562619,178,6.734771093454408,80,3.026863412788498,31,1.172909572455543,169,6.394248959515702,74,2.7998486568293606,30,1.1350737797956867,Excellent,YES
SUTM,1605,90,5.607476635514018,44,2.7414330218068534,17,1.0591900311526479,108,6.728971962616822,54,3.364485981308411,20,1.2461059190031152,105,6.542056074766355,48,2.9906542056074765,20,1.2461059190031152,Excellent,YES
TDOU,1614,79,4.8946716232961585,0,0.0,0,0.0,83,5.1425030978934325,0,0.0,0,0.0,115,7.125154894671623,0,0.0,0,0.0,Excellent,YES
ULDI,1599,92,5.7535959974984365,0,0.0,0,0.0,101,6.316447779862414,0,0.0,0,0.0,89,5.565978736710444,0,0.0,0,0.0,Excellent,YES
VACS,2188,135,6.170018281535649,2,0.09140767824497258,2,0.09140767824497258,148,6.764168190127971,6,0.2742230347349177,4,0.18281535648994515,151,6.90127970749543,5,0.22851919561243145,3,0.13711151736745886,Excellent,YES
WIND,1353,105,7.760532150776053,5,0.36954915003695493,1,0.07390983000739099,86,6.356245380635625,14,1.0347376201034737,1,0.07390983000739099,80,5.912786400591279,10,0.7390983000739099,1,0.07390983000739099,Excellent,YES
YKRO,1932,133,6.884057971014493,124,6.418219461697722,32,1.6563146997929608,123,6.366459627329193,127,6.573498964803313,34,1.7598343685300206,124,6.418219461697722,109,5.641821946169772,36,1.8633540372670807,Excellent,YES
ZAMB,2332,179,7.675814751286449,0,0.0,0,0.0,159,6.818181818181818,0,0.0,0,0.0,163,6.9897084048027445,0,0.0,0,0.0,Excellent,YES
