STN,LAT,LON,H,MEAN_PWV_ERA5,RMSE_IGS_3CH,RMSE_ERA5_3CH,RMSE_VMF3_3CH,nRMSE_IGS_3CH_pct,nRMSE_ERA5_3CH_pct,nRMSE_VMF3_3CH_pct,RMSE_IGS_ETC,RMSE_ERA5_ETC,RMSE_VMF3_ETC,nRMSE_IGS_ETC_pct,nRMSE_ERA5_ETC_pct,nRMSE_VMF3_ETC_pct,R_IGS_ETC,R_ERA5_ETC,R_VMF3_ETC,RMSE_IGS_vs_ERA5,RMSE_VMF3_vs_ERA5,nRMSE_IGS_vs_ERA5_pct,nRMSE_VMF3_vs_ERA5_pct,R_IGS_vs_ERA5,R_VMF3_vs_ERA5
ABPO,-19.018,47.229,1552.992,19.36,1.5,1.17,1.15,7.76,6.07,5.94,1.5,1.17,1.15,7.76,6.06,5.94,0.9854,0.9909,0.9914,2.03,1.64,10.48,8.47,0.9765,0.9824
ADIS,9.035,38.766,2439.154,17.5,1.2,0.83,0.68,6.83,4.75,3.91,1.2,0.83,0.69,6.83,4.75,3.92,0.9745,0.9872,0.9913,1.46,1.27,8.34,7.26,0.9621,0.9787
BJCO,6.385,2.45,30.7,49.64,1.74,1.43,1.17,3.51,2.87,2.37,1.77,1.38,1.05,3.56,2.78,2.13,0.9772,0.9852,0.9925,2.29,1.92,4.61,3.87,0.9627,0.9778
CPVG,16.732,-22.935,94.089,27.87,1.14,1.48,1.19,4.1,5.31,4.28,1.14,1.48,1.19,4.1,5.31,4.26,0.9944,0.9907,0.9941,1.94,1.9,6.96,6.82,0.9852,0.9849
DAKR,14.721,-17.439,51,30.27,1.58,1.14,1.31,5.21,3.76,4.34,1.56,1.1,1.33,5.14,3.63,4.38,0.9936,0.997,0.9955,1.94,1.77,6.41,5.85,0.9906,0.9925
DEAR,-30.665,23.993,1321.7,11.53,1.42,0.97,1.25,12.33,8.39,10.85,1.41,0.97,1.25,12.24,8.42,10.81,0.9747,0.9872,0.9788,1.81,1.58,15.7,13.7,0.9623,0.9663
HARB,-25.887,27.707,1558.078,15.5,1.39,0.98,1.13,8.95,6.29,7.26,1.39,0.98,1.11,8.94,6.3,7.16,0.986,0.9929,0.9905,1.74,1.53,11.22,9.87,0.979,0.9835
HNUS,-34.425,19.223,63,18.12,1.71,0.8,1.13,9.46,4.44,6.26,1.72,0.8,1.13,9.47,4.42,6.24,0.9517,0.989,0.9776,1.94,1.46,10.71,8.06,0.9413,0.9669
HRAO,-25.89,27.687,1414.3,17.2,1.35,1.05,1.15,7.84,6.11,6.66,1.35,1.05,1.14,7.84,6.11,6.61,0.9881,0.9927,0.9912,1.81,1.61,10.53,9.36,0.9809,0.984
MAL2,-2.996,40.194,-20.4,42.83,1.5,1.23,1.26,3.5,2.88,2.94,1.48,1.21,1.27,3.46,2.84,2.96,0.9772,0.9859,0.984,2.1,1.8,4.9,4.2,0.9634,0.9701
MBAR,-0.601,30.738,1337.653,30.33,1.27,1.12,1.6,4.18,3.69,5.29,1.28,1.09,1.59,4.22,3.6,5.23,0.9523,0.9674,0.9239,1.7,1.97,5.6,6.49,0.9212,0.8938
MFKG,-25.805,25.54,1310.9,16.75,1.69,1.26,1.17,10.09,7.52,6.99,1.69,1.26,1.17,10.1,7.49,6.98,0.9816,0.99,0.991,2.11,1.76,12.6,10.51,0.9718,0.9811
MOIU,0.288,35.29,2201.532,19.32,1.29,0.86,0.91,6.66,4.44,4.72,1.26,0.88,0.84,6.55,4.56,4.33,0.9611,0.9794,0.9785,1.61,1.27,8.33,6.57,0.9413,0.9584
NKLG,0.354,9.672,31.496,54.21,1.55,1.03,0.92,2.86,1.89,1.7,1.55,1.02,0.91,2.86,1.89,1.69,0.9463,0.9754,0.9793,1.86,1.38,3.43,2.55,0.923,0.9552
RABT,33.998,-6.854,90.1,20.77,1.49,1.19,1.33,7.2,5.74,6.39,1.5,1.16,1.32,7.23,5.57,6.33,0.9756,0.9864,0.9806,1.97,1.81,9.49,8.71,0.9623,0.9673
RBAY,-28.796,32.078,31.793,29.13,2.23,1.36,1.59,7.65,4.68,5.46,2.22,1.36,1.59,7.63,4.67,5.47,0.9758,0.991,0.9876,2.96,2.12,10.16,7.28,0.967,0.9788
SBOK,-29.669,17.879,1043.1,9.58,1.31,0.87,1.02,13.72,9.04,10.62,1.32,0.81,1.01,13.73,8.46,10.59,0.9618,0.9867,0.9765,1.57,1.34,16.39,13.99,0.949,0.9636
SEY2,-4.674,55.479,538.816,36.02,2.03,1.64,1.2,5.63,4.55,3.34,1.95,1.61,1.24,5.42,4.46,3.43,0.9658,0.9801,0.9875,2.68,2.04,7.44,5.66,0.9466,0.9679
SEYG,-4.679,55.531,-37.085,47.75,1.94,1.65,1.38,4.07,3.45,2.89,1.92,1.62,1.4,4.01,3.4,2.93,0.9698,0.9802,0.9846,2.55,2.15,5.34,4.5,0.9506,0.9651
SUTH,-32.38,20.81,1799.766,7.72,1.17,0.7,0.84,15.1,9.06,10.88,1.17,0.68,0.82,15.17,8.84,10.63,0.9584,0.986,0.9774,1.37,1.11,17.74,14.38,0.945,0.9637
SUTM,-32.381,20.811,1797.6,7.63,1.27,0.71,0.89,16.58,9.29,11.68,1.27,0.68,0.87,16.67,8.9,11.46,0.9484,0.9856,0.9731,1.47,1.15,19.26,15.07,0.9348,0.9592
TDOU,-23.08,30.384,630.2,23.99,1.71,1.3,1.4,7.13,5.43,5.82,1.71,1.3,1.39,7.11,5.43,5.81,0.9875,0.9925,0.9914,2.27,1.91,9.46,7.96,0.9801,0.9839
ULDI,-28.293,31.421,607.9,23.41,1.94,1.06,1.47,8.28,4.53,6.3,1.93,1.07,1.46,8.26,4.56,6.23,0.9807,0.9939,0.9883,2.28,1.84,9.74,7.86,0.9748,0.9823
VACS,-20.297,57.497,420.4,27.48,1.79,1.58,1.67,6.52,5.76,6.08,1.79,1.54,1.67,6.51,5.62,6.09,0.9845,0.9892,0.9865,2.47,2.3,8.99,8.37,0.9738,0.9758
WIND,-22.575,17.089,1734.7,12.45,1.4,1.1,0.92,11.23,8.88,7.38,1.39,1.11,0.86,11.2,8.9,6.89,0.9821,0.9885,0.9924,1.89,1.46,15.18,11.73,0.9708,0.981
YKRO,6.871,-5.24,270,45.3,2.13,1.46,1.13,4.7,3.23,2.5,2.15,1.36,1.07,4.74,2.99,2.37,0.9661,0.9844,0.9916,2.66,1.85,5.87,4.08,0.9511,0.9762
ZAMB,-15.426,28.311,1324.914,21.74,1.26,1.07,1.11,5.79,4.94,5.1,1.25,1.07,1.11,5.76,4.93,5.1,0.9932,0.9949,0.9946,1.74,1.64,8.01,7.55,0.9882,0.9895
