Station,IGS_trend,IGS_delta_std_pct,VMF3_trend,VMF3_delta_std_pct,ERA5_trend,ERA5_delta_std_pct
ABPO,-0.24920048649266846,-0.30453787413273825,-0.1721383065572013,-0.12834592737613879,-0.28799800033487344,-0.3216579737088167
ADIS,0.24477117626055644,-0.5146526166643536,0.2878405902623058,-0.7718291490831841,0.2359578612404789,-0.5682256589055458
BJCO,-0.06280665840404254,-0.08231300947962655,-0.16008032415527396,-0.16824701895371538,-0.030676633931363995,-0.021824935038147475
CPVG,0.12205685765729868,-2.005618503173433,0.3293722275507207,-1.8358205913429217,0.12155666951412059,-1.5910578113614455
DAKR,-0.1711640861456658,-0.053044993168524554,-0.13211508900599256,-0.05096429480418946,-0.2224796874706385,-0.06852636592688226
DEAR,-0.2612283935900095,-0.3066356988094214,-0.18797517872830838,-0.16636477867465632,-0.2297828171203946,-0.25262154063102804
HARB,-0.18846741632219732,-0.14248471309561986,-0.1128854287591281,-0.06234722000242658,-0.15882941007068396,-0.09262119894064202
HNUS,-0.16601049601797513,-0.3592246379996272,-0.009647563019257177,-0.1398658941019887,-0.08386555289493458,-0.1380195401221045
HRAO,-0.03109906291601483,-0.0030445979787994243,0.006311650248733258,-0.0014136196432833472,-0.03158730468955184,-0.008261014334408696
MAL2,0.18252391534326762,-1.1846452777246974,0.26689479306833164,-1.3045694254234466,0.09657013515891322,-1.1291380091926086
MBAR,0.01938169672348522,-0.3431540722122676,0.13641473293739637,-1.5563981312265451,-0.021805292456178904,-0.8824386601258052
MFKG,-0.07178358406861207,-0.056542142566976136,-0.08711496214317549,-0.08868313257845536,-0.0051213624522006285,-0.08452107559576524
MOIU,-0.13435421177348417,-0.25157338726582146,-0.06791814366124527,-0.2473260037942336,-0.09127575134755261,-0.31314440275370964
NKLG,-0.13168143350026185,-0.9346733688363078,-0.14518014728434991,-0.7492867529589408,-0.22067167206512295,-1.6390769454129945
RABT,-0.22535814441158664,-0.3831376806402261,-0.08281520372881346,-0.12924678188920444,-0.22933851016642848,-0.4435550402977813
RBAY,-0.5918145847646485,-0.532701450450459,-0.38047689747477875,-0.20596672306728644,-0.43011703362384424,-0.3239899431091676
SBOK,-0.2065327818875815,-0.34287108019896145,-0.10259705952984177,-0.1327325976048668,-0.16904167534745795,-0.22044603155793552
SEY2,-0.035838211463044445,-0.23694968113339862,-0.14029175085261159,-0.5683496182749783,-0.19119244250509837,-0.918614493224844
SEYG,-2.3233439629173063,-5.725518173076623,-2.2287636074997863,-5.034756055359736,-2.489791582453222,-5.986286650407162
SUTH,-0.09328876347555592,-0.28541511617638476,-0.045278280930176606,-0.09843731480725035,-0.08225534658350853,-0.16661501775776055
SUTM,-0.029628355755619395,-0.449929949920172,0.023489172489291832,-0.18638340376823515,-0.018476867251308704,-0.20578004908981054
TDOU,-0.18019629342006738,-0.38048094341170047,-0.13593633220705215,-0.32495598690522703,-0.1958384547544938,-0.377230683309452
ULDI,-0.4654535122217567,-0.6462598107194781,-0.4255850661581917,-0.5537706969398409,-0.4648773689111749,-0.6426174046287386
VACS,-0.3842594406985427,-0.5113373607377825,-0.14477342215514,-0.21753391884059087,-0.29791767750168674,-0.304152515450781
WIND,-0.25808840929603605,-0.37629580858449213,-0.23482100623742497,-0.3511484325558182,-0.3201101596763323,-0.5797846773539305
YKRO,0.22892044524678568,-0.22651612867852522,0.028673525036538194,-0.05005990801824158,0.012202687296223758,-0.1881723551060472
ZAMB,-0.3426407351525427,-0.2866038649303288,-0.35350847232007254,-0.30229442720807354,-0.4241693431089857,-0.3743488437331974
