SITE,CITY,COUNTRY,AFRICAN REGION,LAT,LON,H
RABT,Rabat,Morocco,Northern Africa,33.998,-6.854,90.1
NKLG,Libreville,Gabon,Central Africa,0.354,9.672,31.496
DEAR,DE AAR,South Africa,Southern Africa,-30.665,23.993,1321.7
HARB,Pretoria,South Africa,Southern Africa,-25.887,27.707,1558.078
HNUS,Hermanus,South Africa,Southern Africa,-34.425,19.223,63
HRAO,Krugersdorp,South Africa,Southern Africa,-25.89,27.687,1414.3
MFKG,Mafikeng,South Africa,Southern Africa,-25.805,25.54,1310.9
RBAY,Richardsbay,South Africa,Southern Africa,-28.796,32.078,31.793
SBOK,Springbok,South Africa,Southern Africa,-29.669,17.879,1043.1
SUTH,Sutherland,South Africa,Southern Africa,-32.38,20.81,1799.766
SUTM,Sutherland,South Africa,Southern Africa,-32.381,20.811,1797.6
TDOU,Thohoyandou,South Africa,Southern Africa,-23.08,30.384,630.2
ULDI,Ulundi,South Africa,Southern Africa,-28.293,31.421,607.9
WIND,Windhoek,Namibia,Southern Africa,-22.575,17.089,1734.7
ZAMB,Lusaka,Zambia,Southern Africa,-15.426,28.311,1324.914
ABPO,Antananarivo,Madagascar,Eastern Africa,-19.018,47.229,1552.992
ADIS,Addis Ababa,Ethiopia,Eastern Africa,9.035,38.766,2439.154
MAL2,Malindi,Kenya,Eastern Africa,-2.996,40.194,-20.4
MBAR,Mbarara,Uganda,Eastern Africa,-0.601,30.738,1337.653
MOIU,Eldoret,Kenya,Eastern Africa,0.288,35.29,2201.532
SEY2,La Misere,Seychelles,Eastern Africa,-4.674,55.479,538.816
SEYG,Larue,Seychelles,Eastern Africa,-4.679,55.531,-37.085
VACS,Vacoas,Mauritius,Eastern Africa,-20.297,57.497,420.4
BJCO,Cotonou,Benin,Western Africa,6.385,2.45,30.7
CPVG,Espargos,Cabo Verde,Western Africa,16.732,-22.935,94.089
DAKR,Dakr,Senegal,Western Africa,14.721,-17.439,51
YKRO,Yamoussoukro,Cote d'ivorie,Western Africa,6.871,-5.24,270
